ID,Exp. Mass,%,Hit,Hit Score,# Perms,Theo. Mass,Da,ppm,Hex,HexNAc,Fuc,Oxidation,OffBy+1,OffBy-1,Perm,Perm Score,N13,N30,O115-122,O123-133,O134-145
0-0-0,15758.7341,0.1,NA,NA,NA,NA,NA,NA,NA,NA,NA,NA,NA,NA,NA,NA,NA,NA,NA,NA,NA
1-0-0,17567.9402,0.0,NA,NA,NA,NA,NA,NA,NA,NA,NA,NA,NA,NA,NA,NA,NA,NA,NA,NA,NA
2-1-0,18374.6438,0.4,0,56.35,2,18374.6787,-0.0348,-2,8,7,1,0,1,0,0,54.56,unmodified,A2G2F,1 x Core,1 x Core,1 x Core
2-1-1,18374.6438,0.4,1,43.58,12,18374.6787,-0.0348,-2,8,7,1,0,1,0,0,29.19,unmodified,A2G2F,unmodified,2 x Core,1 x Core
2-1-2,18374.6438,0.4,2,0.06,3,18374.6787,-0.0348,-2,8,7,1,0,1,0,0,0.03,A3G3F,unmodified,unmodified,1 x Core,1 x Core
2-1-3,18374.6438,0.4,3,0.01,3,18374.6787,-0.0348,-2,8,7,1,0,1,0,0,0.01,A1G1F,unmodified,1 x Core,2 x Core,1 x Core
2-1-4,18374.6438,0.4,4,0.00,3,18374.6787,-0.0348,-2,8,7,1,0,1,0,0,0.00,A3G3F,unmodified,unmodified,2 x Core,unmodified
2-1-5,18374.6438,0.4,5,0.00,3,18374.6787,-0.0348,-2,8,7,1,0,1,0,0,0.00,A3G3F+LacN1,unmodified,unmodified,unmodified,1 x Core
2-1-6,18374.6438,0.4,6,0.00,3,18374.6787,-0.0348,-2,8,7,1,0,1,0,0,0.00,A1G1F,unmodified,unmodified,2 x Core,2 x Core
2-1-7,18374.6438,0.4,7,0.00,1,18374.6787,-0.0348,-2,8,7,1,0,1,0,0,0.00,A1G1F,A2G1,unmodified,unmodified,unmodified
3-0-0,18388.6152,0.1,NA,NA,NA,NA,NA,NA,NA,NA,NA,NA,NA,NA,NA,NA,NA,NA,NA,NA,NA
4-0-0,18628.6568,0.1,NA,NA,NA,NA,NA,NA,NA,NA,NA,NA,NA,NA,NA,NA,NA,NA,NA,NA,NA
5-0-0,18692.5501,0.1,NA,NA,NA,NA,NA,NA,NA,NA,NA,NA,NA,NA,NA,NA,NA,NA,NA,NA,NA
6-0-0,18716.6205,0.1,NA,NA,NA,NA,NA,NA,NA,NA,NA,NA,NA,NA,NA,NA,NA,NA,NA,NA,NA
7-0-0,18723.7497,0.1,0,100.00,1,18723.8159,-0.0662,-4,8,8,2,0,1,0,0,100.00,A2G0F,A2G2F,unmodified,unmodified,unmodified
8-0-0,18728.6046,0.2,NA,NA,NA,NA,NA,NA,NA,NA,NA,NA,NA,NA,NA,NA,NA,NA,NA,NA,NA
9-1-0,18738.6228,0.5,0,95.41,6,18738.8108,-0.1881,-10,9,8,1,0,0,0,0,72.33,unmodified,A2G2F,1 x Core,2 x Core,1 x Core
9-1-1,18738.6228,0.5,1,4.44,6,18738.8108,-0.1881,-10,9,8,1,0,0,0,0,2.65,unmodified,A2G2F,unmodified,2 x Core,2 x Core
9-1-2,18738.6228,0.5,2,0.08,1,18738.8108,-0.1881,-10,9,8,1,0,0,0,0,0.08,A3G3F,unmodified,1 x Core,1 x Core,1 x Core
9-1-3,18738.6228,0.5,3,0.06,6,18738.8108,-0.1881,-10,9,8,1,0,0,0,0,0.04,A3G3F,unmodified,unmodified,2 x Core,1 x Core
9-1-4,18738.6228,0.5,4,0.00,3,18738.8108,-0.1881,-10,9,8,1,0,0,0,0,0.00,A3G3F+LacN1,unmodified,unmodified,1 x Core,1 x Core
9-1-5,18738.6228,0.5,5,0.00,3,18738.8108,-0.1881,-10,9,8,1,0,0,0,0,0.00,A1G1F,unmodified,2 x Core,2 x Core,1 x Core
9-1-6,18738.6228,0.5,6,0.00,2,18738.8108,-0.1881,-10,9,8,1,0,0,0,0,0.00,A2G1,A2G2F,unmodified,unmodified,unmodified
9-0-0,18738.6228,0.5,7,0.00,1,18738.8108,-0.1881,-10,8,8,2,1,0,0,0,0.00,A2G0F,A2G2F,unmodified,unmodified,unmodified
9-1-7,18738.6228,0.5,8,0.00,3,18738.8108,-0.1881,-10,9,8,1,0,0,0,0,0.00,A3G3F+LacN1,unmodified,unmodified,2 x Core,unmodified
9-1-8,18738.6228,0.5,9,0.00,3,18738.8108,-0.1881,-10,9,8,1,0,0,0,0,0.00,A1G1F,A2G1,unmodified,unmodified,1 x Core
10-1-0,18739.6485,13.6,0,95.41,6,18739.8108,-0.1623,-9,9,8,1,0,1,0,0,72.33,unmodified,A2G2F,1 x Core,2 x Core,1 x Core
10-1-1,18739.6485,13.6,1,4.44,6,18739.8108,-0.1623,-9,9,8,1,0,1,0,0,2.65,unmodified,A2G2F,unmodified,2 x Core,2 x Core
10-1-2,18739.6485,13.6,2,0.08,1,18739.8108,-0.1623,-9,9,8,1,0,1,0,0,0.08,A3G3F,unmodified,1 x Core,1 x Core,1 x Core
10-1-3,18739.6485,13.6,3,0.06,6,18739.8108,-0.1623,-9,9,8,1,0,1,0,0,0.04,A3G3F,unmodified,unmodified,2 x Core,1 x Core
10-1-4,18739.6485,13.6,4,0.00,3,18739.8108,-0.1623,-9,9,8,1,0,1,0,0,0.00,A3G3F+LacN1,unmodified,unmodified,1 x Core,1 x Core
10-1-5,18739.6485,13.6,5,0.00,3,18739.8108,-0.1623,-9,9,8,1,0,1,0,0,0.00,A1G1F,unmodified,2 x Core,2 x Core,1 x Core
10-1-6,18739.6485,13.6,6,0.00,2,18739.8108,-0.1623,-9,9,8,1,0,1,0,0,0.00,A2G1,A2G2F,unmodified,unmodified,unmodified
10-0-0,18739.6485,13.6,7,0.00,1,18739.8108,-0.1623,-9,8,8,2,1,1,0,0,0.00,A2G0F,A2G2F,unmodified,unmodified,unmodified
10-1-7,18739.6485,13.6,8,0.00,3,18739.8108,-0.1623,-9,9,8,1,0,1,0,0,0.00,A3G3F+LacN1,unmodified,unmodified,2 x Core,unmodified
10-1-8,18739.6485,13.6,9,0.00,3,18739.8108,-0.1623,-9,9,8,1,0,1,0,0,0.00,A1G1F,A2G1,unmodified,unmodified,1 x Core
11-1-0,18755.7444,4.2,0,95.41,6,18755.8058,-0.0614,-3,9,8,1,1,1,0,0,72.33,unmodified,A2G2F,1 x Core,2 x Core,1 x Core
11-1-1,18755.7444,4.2,1,4.44,6,18755.8058,-0.0614,-3,9,8,1,1,1,0,0,2.65,unmodified,A2G2F,unmodified,2 x Core,2 x Core
11-1-2,18755.7444,4.2,2,0.08,1,18755.8058,-0.0614,-3,9,8,1,1,1,0,0,0.08,A3G3F,unmodified,1 x Core,1 x Core,1 x Core
11-1-3,18755.7444,4.2,3,0.06,6,18755.8058,-0.0614,-3,9,8,1,1,1,0,0,0.04,A3G3F,unmodified,unmodified,2 x Core,1 x Core
11-1-4,18755.7444,4.2,4,0.00,3,18755.8058,-0.0614,-3,9,8,1,1,1,0,0,0.00,A3G3F+LacN1,unmodified,unmodified,1 x Core,1 x Core
11-1-5,18755.7444,4.2,5,0.00,3,18755.8058,-0.0614,-3,9,8,1,1,1,0,0,0.00,A1G1F,unmodified,2 x Core,2 x Core,1 x Core
11-1-6,18755.7444,4.2,6,0.00,2,18755.8058,-0.0614,-3,9,8,1,1,1,0,0,0.00,A2G1,A2G2F,unmodified,unmodified,unmodified
11-0-0,18755.7444,4.2,7,0.00,1,18755.8058,-0.0614,-3,8,8,2,2,1,0,0,0.00,A2G0F,A2G2F,unmodified,unmodified,unmodified
11-1-7,18755.7444,4.2,8,0.00,3,18755.8058,-0.0614,-3,9,8,1,1,1,0,0,0.00,A3G3F+LacN1,unmodified,unmodified,2 x Core,unmodified
11-1-8,18755.7444,4.2,9,0.00,3,18755.8058,-0.0614,-3,9,8,1,1,1,0,0,0.00,A1G1F,A2G1,unmodified,unmodified,1 x Core
12-0-0,18771.6920,1.3,0,95.41,6,18771.8007,-0.1086,-6,9,8,1,2,1,0,0,72.33,unmodified,A2G2F,1 x Core,2 x Core,1 x Core
12-0-1,18771.6920,1.3,1,4.44,6,18771.8007,-0.1086,-6,9,8,1,2,1,0,0,2.65,unmodified,A2G2F,unmodified,2 x Core,2 x Core
12-0-2,18771.6920,1.3,2,0.08,1,18771.8007,-0.1086,-6,9,8,1,2,1,0,0,0.08,A3G3F,unmodified,1 x Core,1 x Core,1 x Core
12-0-3,18771.6920,1.3,3,0.06,6,18771.8007,-0.1086,-6,9,8,1,2,1,0,0,0.04,A3G3F,unmodified,unmodified,2 x Core,1 x Core
12-0-4,18771.6920,1.3,4,0.00,3,18771.8007,-0.1086,-6,9,8,1,2,1,0,0,0.00,A3G3F+LacN1,unmodified,unmodified,1 x Core,1 x Core
12-0-5,18771.6920,1.3,5,0.00,3,18771.8007,-0.1086,-6,9,8,1,2,1,0,0,0.00,A1G1F,unmodified,2 x Core,2 x Core,1 x Core
12-0-6,18771.6920,1.3,6,0.00,2,18771.8007,-0.1086,-6,9,8,1,2,1,0,0,0.00,A2G1,A2G2F,unmodified,unmodified,unmodified
12-0-7,18771.6920,1.3,7,0.00,3,18771.8007,-0.1086,-6,9,8,1,2,1,0,0,0.00,A3G3F+LacN1,unmodified,unmodified,2 x Core,unmodified
12-0-8,18771.6920,1.3,8,0.00,3,18771.8007,-0.1086,-6,9,8,1,2,1,0,0,0.00,A1G1F,A2G1,unmodified,unmodified,1 x Core
13-1-0,18779.7379,0.0,0,99.97,3,18779.8374,-0.0995,-5,8,9,1,0,0,0,0,71.57,A2G0F,unmodified,2 x Core,2 x Core,1 x Core
13-1-1,18779.7379,0.0,1,0.03,3,18779.8374,-0.0995,-5,8,9,1,0,0,0,0,0.02,A2G0F,A2G1,unmodified,unmodified,1 x Core
14-0-0,18785.7271,0.7,NA,NA,NA,NA,NA,NA,NA,NA,NA,NA,NA,NA,NA,NA,NA,NA,NA,NA,NA
15-0-0,18849.5023,0.1,NA,NA,NA,NA,NA,NA,NA,NA,NA,NA,NA,NA,NA,NA,NA,NA,NA,NA,NA
16-0-0,18858.7231,0.1,NA,NA,NA,NA,NA,NA,NA,NA,NA,NA,NA,NA,NA,NA,NA,NA,NA,NA,NA
17-0-0,18870.7278,0.1,NA,NA,NA,NA,NA,NA,NA,NA,NA,NA,NA,NA,NA,NA,NA,NA,NA,NA,NA
18-0-0,18883.7554,0.1,NA,NA,NA,NA,NA,NA,NA,NA,NA,NA,NA,NA,NA,NA,NA,NA,NA,NA,NA
19-0-0,18915.7728,0.1,NA,NA,NA,NA,NA,NA,NA,NA,NA,NA,NA,NA,NA,NA,NA,NA,NA,NA,NA
20-0-0,18918.6628,0.1,NA,NA,NA,NA,NA,NA,NA,NA,NA,NA,NA,NA,NA,NA,NA,NA,NA,NA,NA
21-0-0,18939.4724,0.1,NA,NA,NA,NA,NA,NA,NA,NA,NA,NA,NA,NA,NA,NA,NA,NA,NA,NA,NA
22-0-0,18960.6410,0.0,NA,NA,NA,NA,NA,NA,NA,NA,NA,NA,NA,NA,NA,NA,NA,NA,NA,NA,NA
23-0-0,18967.9183,0.2,NA,NA,NA,NA,NA,NA,NA,NA,NA,NA,NA,NA,NA,NA,NA,NA,NA,NA,NA
24-0-0,18976.5246,0.3,NA,NA,NA,NA,NA,NA,NA,NA,NA,NA,NA,NA,NA,NA,NA,NA,NA,NA,NA
25-0-0,18982.7014,0.1,NA,NA,NA,NA,NA,NA,NA,NA,NA,NA,NA,NA,NA,NA,NA,NA,NA,NA,NA
26-0-0,18991.7380,0.4,NA,NA,NA,NA,NA,NA,NA,NA,NA,NA,NA,NA,NA,NA,NA,NA,NA,NA,NA
27-0-0,18991.7885,0.7,NA,NA,NA,NA,NA,NA,NA,NA,NA,NA,NA,NA,NA,NA,NA,NA,NA,NA,NA
28-0-0,19001.7708,0.2,NA,NA,NA,NA,NA,NA,NA,NA,NA,NA,NA,NA,NA,NA,NA,NA,NA,NA,NA
29-0-0,19044.8121,0.2,NA,NA,NA,NA,NA,NA,NA,NA,NA,NA,NA,NA,NA,NA,NA,NA,NA,NA,NA
30-0-0,19051.7889,0.3,NA,NA,NA,NA,NA,NA,NA,NA,NA,NA,NA,NA,NA,NA,NA,NA,NA,NA,NA
31-0-0,19051.8366,0.1,NA,NA,NA,NA,NA,NA,NA,NA,NA,NA,NA,NA,NA,NA,NA,NA,NA,NA,NA
32-0-0,19059.7706,0.3,NA,NA,NA,NA,NA,NA,NA,NA,NA,NA,NA,NA,NA,NA,NA,NA,NA,NA,NA
33-0-0,19060.8567,0.6,NA,NA,NA,NA,NA,NA,NA,NA,NA,NA,NA,NA,NA,NA,NA,NA,NA,NA,NA
34-0-0,19068.8574,0.8,NA,NA,NA,NA,NA,NA,NA,NA,NA,NA,NA,NA,NA,NA,NA,NA,NA,NA,NA
35-0-0,19075.9064,0.4,NA,NA,NA,NA,NA,NA,NA,NA,NA,NA,NA,NA,NA,NA,NA,NA,NA,NA,NA
36-0-0,19076.8622,1.2,NA,NA,NA,NA,NA,NA,NA,NA,NA,NA,NA,NA,NA,NA,NA,NA,NA,NA,NA
37-0-0,19085.8318,0.2,NA,NA,NA,NA,NA,NA,NA,NA,NA,NA,NA,NA,NA,NA,NA,NA,NA,NA,NA
38-0-0,19086.8081,0.9,NA,NA,NA,NA,NA,NA,NA,NA,NA,NA,NA,NA,NA,NA,NA,NA,NA,NA,NA
39-0-0,19087.8796,1.7,0,100.00,3,19087.9481,-0.0685,-4,9,9,2,0,0,0,0,71.59,A2G0F,A2G2F,unmodified,unmodified,1 x Core
40-1-0,19094.9539,0.5,0,97.77,1,19094.9063,0.0476,2,12,8,0,1,0,0,0,97.77,M6,unmodified,2 x Core,2 x Core,2 x Core
40-1-1,19094.9539,0.5,1,2.09,3,19094.9063,0.0476,2,12,8,0,1,0,0,0,1.15,M6,A2G1,unmodified,1 x Core,1 x Core
40-1-2,19094.9539,0.5,2,0.14,3,19094.9063,0.0476,2,12,8,0,1,0,0,0,0.10,M6,A2G1,unmodified,2 x Core,unmodified
41-1-0,19104.8208,91.3,0,99.30,6,19104.9430,-0.1223,-6,10,9,1,0,1,0,0,68.83,unmodified,A2G2F,2 x Core,2 x Core,1 x Core
41-1-1,19104.8208,91.3,1,0.44,3,19104.9430,-0.1223,-6,10,9,1,0,1,0,0,0.34,A3G3F,unmodified,1 x Core,2 x Core,1 x Core
41-1-2,19104.8208,91.3,2,0.15,6,19104.9430,-0.1223,-6,10,9,1,0,1,0,0,0.11,A2G1,A2G2F,unmodified,unmodified,1 x Core
41-0-0,19104.8208,91.3,3,0.06,3,19104.9430,-0.1223,-6,9,9,2,1,1,0,0,0.04,A2G0F,A2G2F,unmodified,unmodified,1 x Core
41-1-3,19104.8208,91.3,4,0.02,3,19104.9430,-0.1223,-6,10,9,1,0,1,0,0,0.01,A3G3F,unmodified,unmodified,2 x Core,2 x Core
41-1-4,19104.8208,91.3,5,0.02,1,19104.9430,-0.1223,-6,10,9,1,0,1,0,0,0.02,A3G3F+LacN1,unmodified,1 x Core,1 x Core,1 x Core
41-1-5,19104.8208,91.3,6,0.02,6,19104.9430,-0.1223,-6,10,9,1,0,1,0,0,0.01,A3G3F+LacN1,unmodified,unmodified,2 x Core,1 x Core
41-1-6,19104.8208,91.3,7,0.00,1,19104.9430,-0.1223,-6,10,9,1,0,1,0,0,0.00,A1G1F,unmodified,2 x Core,2 x Core,2 x Core
41-1-7,19104.8208,91.3,8,0.00,3,19104.9430,-0.1223,-6,10,9,1,0,1,0,0,0.00,A1G1F,A2G1,unmodified,1 x Core,1 x Core
41-1-8,19104.8208,91.3,9,0.00,1,19104.9430,-0.1223,-6,10,9,1,0,1,0,0,0.00,A3G3F,A2G1,unmodified,unmodified,unmodified
41-1-9,19104.8208,91.3,10,0.00,3,19104.9430,-0.1223,-6,10,9,1,0,1,0,0,0.00,A1G1F,A2G1,unmodified,2 x Core,unmodified
42-1-0,19120.8166,36.6,0,99.30,6,19120.9380,-0.1213,-6,10,9,1,1,1,0,0,68.83,unmodified,A2G2F,2 x Core,2 x Core,1 x Core
42-1-1,19120.8166,36.6,1,0.44,3,19120.9380,-0.1213,-6,10,9,1,1,1,0,0,0.34,A3G3F,unmodified,1 x Core,2 x Core,1 x Core
42-1-2,19120.8166,36.6,2,0.15,6,19120.9380,-0.1213,-6,10,9,1,1,1,0,0,0.11,A2G1,A2G2F,unmodified,unmodified,1 x Core
42-0-0,19120.8166,36.6,3,0.06,3,19120.9380,-0.1213,-6,9,9,2,2,1,0,0,0.04,A2G0F,A2G2F,unmodified,unmodified,1 x Core
42-1-3,19120.8166,36.6,4,0.02,3,19120.9380,-0.1213,-6,10,9,1,1,1,0,0,0.01,A3G3F,unmodified,unmodified,2 x Core,2 x Core
42-1-4,19120.8166,36.6,5,0.02,1,19120.9380,-0.1213,-6,10,9,1,1,1,0,0,0.02,A3G3F+LacN1,unmodified,1 x Core,1 x Core,1 x Core
42-1-5,19120.8166,36.6,6,0.02,6,19120.9380,-0.1213,-6,10,9,1,1,1,0,0,0.01,A3G3F+LacN1,unmodified,unmodified,2 x Core,1 x Core
42-1-6,19120.8166,36.6,7,0.00,1,19120.9380,-0.1213,-6,10,9,1,1,1,0,0,0.00,A1G1F,unmodified,2 x Core,2 x Core,2 x Core
42-1-7,19120.8166,36.6,8,0.00,3,19120.9380,-0.1213,-6,10,9,1,1,1,0,0,0.00,A1G1F,A2G1,unmodified,1 x Core,1 x Core
42-1-8,19120.8166,36.6,9,0.00,1,19120.9380,-0.1213,-6,10,9,1,1,1,0,0,0.00,A3G3F,A2G1,unmodified,unmodified,unmodified
42-1-9,19120.8166,36.6,10,0.00,3,19120.9380,-0.1213,-6,10,9,1,1,1,0,0,0.00,A1G1F,A2G1,unmodified,2 x Core,unmodified
43-0-0,19136.8311,0.4,0,99.36,6,19136.9329,-0.1018,-5,10,9,1,2,1,0,0,68.87,unmodified,A2G2F,2 x Core,2 x Core,1 x Core
43-0-1,19136.8311,0.4,1,0.44,3,19136.9329,-0.1018,-5,10,9,1,2,1,0,0,0.34,A3G3F,unmodified,1 x Core,2 x Core,1 x Core
43-0-2,19136.8311,0.4,2,0.15,6,19136.9329,-0.1018,-5,10,9,1,2,1,0,0,0.11,A2G1,A2G2F,unmodified,unmodified,1 x Core
43-0-3,19136.8311,0.4,3,0.02,3,19136.9329,-0.1018,-5,10,9,1,2,1,0,0,0.01,A3G3F,unmodified,unmodified,2 x Core,2 x Core
43-0-4,19136.8311,0.4,4,0.02,1,19136.9329,-0.1018,-5,10,9,1,2,1,0,0,0.02,A3G3F+LacN1,unmodified,1 x Core,1 x Core,1 x Core
43-0-5,19136.8311,0.4,5,0.02,6,19136.9329,-0.1018,-5,10,9,1,2,1,0,0,0.01,A3G3F+LacN1,unmodified,unmodified,2 x Core,1 x Core
43-0-6,19136.8311,0.4,6,0.00,1,19136.9329,-0.1018,-5,10,9,1,2,1,0,0,0.00,A1G1F,unmodified,2 x Core,2 x Core,2 x Core
43-0-7,19136.8311,0.4,7,0.00,3,19136.9329,-0.1018,-5,10,9,1,2,1,0,0,0.00,A1G1F,A2G1,unmodified,1 x Core,1 x Core
43-0-8,19136.8311,0.4,8,0.00,1,19136.9329,-0.1018,-5,10,9,1,2,1,0,0,0.00,A3G3F,A2G1,unmodified,unmodified,unmodified
43-0-9,19136.8311,0.4,9,0.00,3,19136.9329,-0.1018,-5,10,9,1,2,1,0,0,0.00,A1G1F,A2G1,unmodified,2 x Core,unmodified
44-0-0,19136.8506,6.5,0,99.36,6,19136.9329,-0.0823,-4,10,9,1,2,1,0,0,68.87,unmodified,A2G2F,2 x Core,2 x Core,1 x Core
44-0-1,19136.8506,6.5,1,0.44,3,19136.9329,-0.0823,-4,10,9,1,2,1,0,0,0.34,A3G3F,unmodified,1 x Core,2 x Core,1 x Core
44-0-2,19136.8506,6.5,2,0.15,6,19136.9329,-0.0823,-4,10,9,1,2,1,0,0,0.11,A2G1,A2G2F,unmodified,unmodified,1 x Core
44-0-3,19136.8506,6.5,3,0.02,3,19136.9329,-0.0823,-4,10,9,1,2,1,0,0,0.01,A3G3F,unmodified,unmodified,2 x Core,2 x Core
44-0-4,19136.8506,6.5,4,0.02,1,19136.9329,-0.0823,-4,10,9,1,2,1,0,0,0.02,A3G3F+LacN1,unmodified,1 x Core,1 x Core,1 x Core
44-0-5,19136.8506,6.5,5,0.02,6,19136.9329,-0.0823,-4,10,9,1,2,1,0,0,0.01,A3G3F+LacN1,unmodified,unmodified,2 x Core,1 x Core
44-0-6,19136.8506,6.5,6,0.00,1,19136.9329,-0.0823,-4,10,9,1,2,1,0,0,0.00,A1G1F,unmodified,2 x Core,2 x Core,2 x Core
44-0-7,19136.8506,6.5,7,0.00,3,19136.9329,-0.0823,-4,10,9,1,2,1,0,0,0.00,A1G1F,A2G1,unmodified,1 x Core,1 x Core
44-0-8,19136.8506,6.5,8,0.00,1,19136.9329,-0.0823,-4,10,9,1,2,1,0,0,0.00,A3G3F,A2G1,unmodified,unmodified,unmodified
44-0-9,19136.8506,6.5,9,0.00,3,19136.9329,-0.0823,-4,10,9,1,2,1,0,0,0.00,A1G1F,A2G1,unmodified,2 x Core,unmodified
45-0-0,19139.8104,0.2,NA,NA,NA,NA,NA,NA,NA,NA,NA,NA,NA,NA,NA,NA,NA,NA,NA,NA,NA
46-0-0,19142.8497,0.5,NA,NA,NA,NA,NA,NA,NA,NA,NA,NA,NA,NA,NA,NA,NA,NA,NA,NA,NA
47-0-0,19147.8259,0.1,NA,NA,NA,NA,NA,NA,NA,NA,NA,NA,NA,NA,NA,NA,NA,NA,NA,NA,NA
48-0-0,19150.8527,6.1,NA,NA,NA,NA,NA,NA,NA,NA,NA,NA,NA,NA,NA,NA,NA,NA,NA,NA,NA
49-0-0,19158.8677,1.3,NA,NA,NA,NA,NA,NA,NA,NA,NA,NA,NA,NA,NA,NA,NA,NA,NA,NA,NA
50-0-0,19167.8451,3.5,NA,NA,NA,NA,NA,NA,NA,NA,NA,NA,NA,NA,NA,NA,NA,NA,NA,NA,NA
51-0-0,19175.8080,0.2,NA,NA,NA,NA,NA,NA,NA,NA,NA,NA,NA,NA,NA,NA,NA,NA,NA,NA,NA
52-1-0,19183.8112,1.3,0,100.00,3,19183.9428,-0.1315,-7,13,7,1,0,0,0,0,71.59,M7,A2G2F,unmodified,unmodified,1 x Core
53-0-0,19191.8138,0.3,NA,NA,NA,NA,NA,NA,NA,NA,NA,NA,NA,NA,NA,NA,NA,NA,NA,NA,NA
54-0-0,19194.8025,0.2,NA,NA,NA,NA,NA,NA,NA,NA,NA,NA,NA,NA,NA,NA,NA,NA,NA,NA,NA
55-1-0,19200.7743,0.3,0,100.00,3,19200.9377,-0.1633,-9,13,7,1,1,1,0,0,71.59,M7,A2G2F,unmodified,unmodified,1 x Core
56-0-0,19201.9004,0.4,NA,NA,NA,NA,NA,NA,NA,NA,NA,NA,NA,NA,NA,NA,NA,NA,NA,NA,NA
57-0-0,19206.8183,0.1,NA,NA,NA,NA,NA,NA,NA,NA,NA,NA,NA,NA,NA,NA,NA,NA,NA,NA,NA
58-0-0,19212.8142,0.3,NA,NA,NA,NA,NA,NA,NA,NA,NA,NA,NA,NA,NA,NA,NA,NA,NA,NA,NA
59-0-0,19218.7106,12.5,NA,NA,NA,NA,NA,NA,NA,NA,NA,NA,NA,NA,NA,NA,NA,NA,NA,NA,NA
60-0-0,19234.8278,5.3,NA,NA,NA,NA,NA,NA,NA,NA,NA,NA,NA,NA,NA,NA,NA,NA,NA,NA,NA
61-0-0,19242.8202,0.6,NA,NA,NA,NA,NA,NA,NA,NA,NA,NA,NA,NA,NA,NA,NA,NA,NA,NA,NA
62-0-0,19253.8730,1.2,NA,NA,NA,NA,NA,NA,NA,NA,NA,NA,NA,NA,NA,NA,NA,NA,NA,NA,NA
63-0-0,19258.7568,0.1,NA,NA,NA,NA,NA,NA,NA,NA,NA,NA,NA,NA,NA,NA,NA,NA,NA,NA,NA
64-0-0,19263.8158,0.2,NA,NA,NA,NA,NA,NA,NA,NA,NA,NA,NA,NA,NA,NA,NA,NA,NA,NA,NA
65-1-0,19266.8524,1.9,0,78.76,3,19266.9959,-0.1434,-7,11,9,1,0,1,0,0,56.38,A2G2,A2G2F,unmodified,unmodified,1 x Core
65-1-1,19266.8524,1.9,1,19.79,3,19266.9959,-0.1434,-7,11,9,1,0,1,0,0,10.84,A1G1,A2G2F,unmodified,1 x Core,1 x Core
65-1-2,19266.8524,1.9,2,1.31,3,19266.9959,-0.1434,-7,11,9,1,0,1,0,0,0.92,A1G1,A2G2F,unmodified,2 x Core,unmodified
65-1-3,19266.8524,1.9,3,0.13,1,19266.9959,-0.1434,-7,11,9,1,0,1,0,0,0.13,A3G3,A2G2F,unmodified,unmodified,unmodified
66-0-0,19280.8189,1.1,NA,NA,NA,NA,NA,NA,NA,NA,NA,NA,NA,NA,NA,NA,NA,NA,NA,NA,NA
67-0-0,19287.8389,0.1,NA,NA,NA,NA,NA,NA,NA,NA,NA,NA,NA,NA,NA,NA,NA,NA,NA,NA,NA
68-0-0,19297.8354,0.3,0,78.07,3,19297.9857,-0.1503,-8,11,9,1,2,0,0,0,55.88,A2G2,A2G2F,unmodified,unmodified,1 x Core
68-0-1,19297.8354,0.3,1,19.62,3,19297.9857,-0.1503,-8,11,9,1,2,0,0,0,10.74,A1G1,A2G2F,unmodified,1 x Core,1 x Core
68-0-2,19297.8354,0.3,2,1.30,3,19297.9857,-0.1503,-8,11,9,1,2,0,0,0,0.91,A1G1,A2G2F,unmodified,2 x Core,unmodified
68-1-0,19297.8354,0.3,3,0.78,1,19297.9857,-0.1503,-8,12,9,0,1,0,0,0,0.78,M5-A1G1,unmodified,2 x Core,2 x Core,2 x Core
68-0-3,19297.8354,0.3,4,0.13,1,19297.9857,-0.1503,-8,11,9,1,2,0,0,0,0.13,A3G3,A2G2F,unmodified,unmodified,unmodified
68-1-1,19297.8354,0.3,5,0.05,1,19297.9857,-0.1503,-8,12,9,0,1,0,0,0,0.05,M5,A2G1,1 x Core,1 x Core,1 x Core
68-1-2,19297.8354,0.3,6,0.04,6,19297.9857,-0.1503,-8,12,9,0,1,0,0,0,0.03,M5,A2G1,unmodified,2 x Core,1 x Core
68-1-3,19297.8354,0.3,7,0.02,3,19297.9857,-0.1503,-8,12,9,0,1,0,0,0,0.01,M5-A1G1,A2G1,unmodified,1 x Core,1 x Core
68-1-4,19297.8354,0.3,8,0.00,3,19297.9857,-0.1503,-8,12,9,0,1,0,0,0,0.00,M5-A1G1,A2G1,unmodified,2 x Core,unmodified
69-0-0,19305.9565,0.1,NA,NA,NA,NA,NA,NA,NA,NA,NA,NA,NA,NA,NA,NA,NA,NA,NA,NA,NA
70-0-0,19316.9577,0.2,NA,NA,NA,NA,NA,NA,NA,NA,NA,NA,NA,NA,NA,NA,NA,NA,NA,NA,NA
71-0-0,19332.8988,1.4,NA,NA,NA,NA,NA,NA,NA,NA,NA,NA,NA,NA,NA,NA,NA,NA,NA,NA,NA
72-0-0,19340.6965,0.1,NA,NA,NA,NA,NA,NA,NA,NA,NA,NA,NA,NA,NA,NA,NA,NA,NA,NA,NA
73-0-0,19340.8129,0.4,NA,NA,NA,NA,NA,NA,NA,NA,NA,NA,NA,NA,NA,NA,NA,NA,NA,NA,NA
74-0-0,19343.8843,0.7,NA,NA,NA,NA,NA,NA,NA,NA,NA,NA,NA,NA,NA,NA,NA,NA,NA,NA,NA
75-0-0,19351.8880,0.3,NA,NA,NA,NA,NA,NA,NA,NA,NA,NA,NA,NA,NA,NA,NA,NA,NA,NA,NA
76-0-0,19353.8991,0.8,NA,NA,NA,NA,NA,NA,NA,NA,NA,NA,NA,NA,NA,NA,NA,NA,NA,NA,NA
77-0-0,19361.8698,0.2,NA,NA,NA,NA,NA,NA,NA,NA,NA,NA,NA,NA,NA,NA,NA,NA,NA,NA,NA
78-0-0,19372.9744,0.1,NA,NA,NA,NA,NA,NA,NA,NA,NA,NA,NA,NA,NA,NA,NA,NA,NA,NA,NA
79-0-0,19377.8449,0.2,NA,NA,NA,NA,NA,NA,NA,NA,NA,NA,NA,NA,NA,NA,NA,NA,NA,NA,NA
80-0-0,19396.8550,0.3,NA,NA,NA,NA,NA,NA,NA,NA,NA,NA,NA,NA,NA,NA,NA,NA,NA,NA,NA
81-0-0,19399.9343,0.2,NA,NA,NA,NA,NA,NA,NA,NA,NA,NA,NA,NA,NA,NA,NA,NA,NA,NA,NA
82-0-0,19411.9473,0.2,0,97.83,3,19412.0538,-0.1065,-5,11,9,2,0,0,0,0,70.03,A2G2F,A2G2F,unmodified,unmodified,1 x Core
82-0-1,19411.9473,0.2,1,1.86,3,19412.0538,-0.1065,-5,11,9,2,0,0,0,0,1.02,A1G1F,A2G2F,unmodified,1 x Core,1 x Core
82-0-2,19411.9473,0.2,2,0.19,1,19412.0538,-0.1065,-5,11,9,2,0,0,0,0,0.19,A3G3F,A2G2F,unmodified,unmodified,unmodified
82-0-3,19411.9473,0.2,3,0.12,3,19412.0538,-0.1065,-5,11,9,2,0,0,0,0,0.09,A1G1F,A2G2F,unmodified,2 x Core,unmodified
83-0-0,19422.9037,0.3,NA,NA,NA,NA,NA,NA,NA,NA,NA,NA,NA,NA,NA,NA,NA,NA,NA,NA,NA
84-0-0,19440.9620,0.1,NA,NA,NA,NA,NA,NA,NA,NA,NA,NA,NA,NA,NA,NA,NA,NA,NA,NA,NA
85-0-0,19445.1810,0.1,0,97.69,3,19445.0436,0.1373,7,11,9,2,2,1,0,0,69.93,A2G2F,A2G2F,unmodified,unmodified,1 x Core
85-0-1,19445.1810,0.1,1,1.86,3,19445.0436,0.1373,7,11,9,2,2,1,0,0,1.02,A1G1F,A2G2F,unmodified,1 x Core,1 x Core
85-0-2,19445.1810,0.1,2,0.19,1,19445.0436,0.1373,7,11,9,2,2,1,0,0,0.19,A3G3F,A2G2F,unmodified,unmodified,unmodified
85-0-3,19445.1810,0.1,3,0.12,3,19445.0436,0.1373,7,11,9,2,2,1,0,0,0.09,A1G1F,A2G2F,unmodified,2 x Core,unmodified
85-2-0,19445.1810,0.1,4,0.08,1,19445.0436,0.1373,7,13,9,0,0,1,0,0,0.08,M6,A2G1,1 x Core,1 x Core,1 x Core
85-2-1,19445.1810,0.1,5,0.06,6,19445.0436,0.1373,7,13,9,0,0,1,0,0,0.04,M6,A2G1,unmodified,2 x Core,1 x Core
86-0-0,19447.9217,0.4,NA,NA,NA,NA,NA,NA,NA,NA,NA,NA,NA,NA,NA,NA,NA,NA,NA,NA,NA
87-0-0,19452.8709,0.2,0,93.77,3,19453.0803,-0.2095,-11,10,10,2,0,0,0,0,51.36,A2G0F,A2G2F,unmodified,1 x Core,1 x Core
87-0-1,19452.8709,0.2,1,6.23,3,19453.0803,-0.2095,-11,10,10,2,0,0,0,0,4.36,A2G0F,A2G2F,unmodified,2 x Core,unmodified
88-0-0,19452.9094,0.3,0,93.77,3,19453.0803,-0.1709,-9,10,10,2,0,0,0,0,51.36,A2G0F,A2G2F,unmodified,1 x Core,1 x Core
88-0-1,19452.9094,0.3,1,6.23,3,19453.0803,-0.1709,-9,10,10,2,0,0,0,0,4.36,A2G0F,A2G2F,unmodified,2 x Core,unmodified
89-0-0,19454.0013,0.6,0,93.77,3,19454.0803,-0.0790,-4,10,10,2,0,1,0,0,51.36,A2G0F,A2G2F,unmodified,1 x Core,1 x Core
89-0-1,19454.0013,0.6,1,6.23,3,19454.0803,-0.0790,-4,10,10,2,0,1,0,0,4.36,A2G0F,A2G2F,unmodified,2 x Core,unmodified
90-0-0,19457.9466,0.4,NA,NA,NA,NA,NA,NA,NA,NA,NA,NA,NA,NA,NA,NA,NA,NA,NA,NA,NA
91-1-0,19469.9012,46.0,0,84.05,2,19470.0752,-0.1740,-9,11,10,1,0,1,0,0,81.37,unmodified,A2G2F,2 x Core,2 x Core,2 x Core
91-1-1,19469.9012,46.0,1,9.39,6,19470.0752,-0.1740,-9,11,10,1,0,1,0,0,5.11,A2G1,A2G2F,unmodified,1 x Core,1 x Core
91-0-0,19469.9012,46.0,2,3.52,3,19470.0752,-0.1740,-9,10,10,2,1,1,0,0,1.93,A2G0F,A2G2F,unmodified,1 x Core,1 x Core
91-1-2,19469.9012,46.0,3,1.73,3,19470.0752,-0.1740,-9,11,10,1,0,1,0,0,1.24,A3G3F,unmodified,2 x Core,2 x Core,1 x Core
91-1-3,19469.9012,46.0,4,0.62,6,19470.0752,-0.1740,-9,11,10,1,0,1,0,0,0.43,A2G1,A2G2F,unmodified,2 x Core,unmodified
91-1-4,19469.9012,46.0,5,0.43,3,19470.0752,-0.1740,-9,11,10,1,0,1,0,0,0.34,A3G3F+LacN1,unmodified,1 x Core,2 x Core,1 x Core
91-0-1,19469.9012,46.0,6,0.23,3,19470.0752,-0.1740,-9,10,10,2,1,1,0,0,0.16,A2G0F,A2G2F,unmodified,2 x Core,unmodified
91-1-5,19469.9012,46.0,7,0.02,3,19470.0752,-0.1740,-9,11,10,1,0,1,0,0,0.01,A3G3F+LacN1,unmodified,unmodified,2 x Core,2 x Core
91-1-6,19469.9012,46.0,8,0.00,3,19470.0752,-0.1740,-9,11,10,1,0,1,0,0,0.00,A3G3F,A2G1,unmodified,unmodified,1 x Core
91-1-7,19469.9012,46.0,9,0.00,1,19470.0752,-0.1740,-9,11,10,1,0,1,0,0,0.00,A1G1F,A2G1,1 x Core,1 x Core,1 x Core
91-1-8,19469.9012,46.0,10,0.00,6,19470.0752,-0.1740,-9,11,10,1,0,1,0,0,0.00,A1G1F,A2G1,unmodified,2 x Core,1 x Core
91-1-9,19469.9012,46.0,11,0.00,1,19470.0752,-0.1740,-9,11,10,1,0,1,0,0,0.00,A3G3F+LacN1,A2G1,unmodified,unmodified,unmodified
92-1-0,19485.9536,15.5,0,84.05,2,19486.0702,-0.1166,-6,11,10,1,1,1,0,0,81.37,unmodified,A2G2F,2 x Core,2 x Core,2 x Core
92-1-1,19485.9536,15.5,1,9.39,6,19486.0702,-0.1166,-6,11,10,1,1,1,0,0,5.11,A2G1,A2G2F,unmodified,1 x Core,1 x Core
92-0-0,19485.9536,15.5,2,3.52,3,19486.0702,-0.1166,-6,10,10,2,2,1,0,0,1.93,A2G0F,A2G2F,unmodified,1 x Core,1 x Core
92-1-2,19485.9536,15.5,3,1.73,3,19486.0702,-0.1166,-6,11,10,1,1,1,0,0,1.24,A3G3F,unmodified,2 x Core,2 x Core,1 x Core
92-1-3,19485.9536,15.5,4,0.62,6,19486.0702,-0.1166,-6,11,10,1,1,1,0,0,0.43,A2G1,A2G2F,unmodified,2 x Core,unmodified
92-1-4,19485.9536,15.5,5,0.43,3,19486.0702,-0.1166,-6,11,10,1,1,1,0,0,0.34,A3G3F+LacN1,unmodified,1 x Core,2 x Core,1 x Core
92-0-1,19485.9536,15.5,6,0.23,3,19486.0702,-0.1166,-6,10,10,2,2,1,0,0,0.16,A2G0F,A2G2F,unmodified,2 x Core,unmodified
92-1-5,19485.9536,15.5,7,0.02,3,19486.0702,-0.1166,-6,11,10,1,1,1,0,0,0.01,A3G3F+LacN1,unmodified,unmodified,2 x Core,2 x Core
92-1-6,19485.9536,15.5,8,0.00,3,19486.0702,-0.1166,-6,11,10,1,1,1,0,0,0.00,A3G3F,A2G1,unmodified,unmodified,1 x Core
92-1-7,19485.9536,15.5,9,0.00,1,19486.0702,-0.1166,-6,11,10,1,1,1,0,0,0.00,A1G1F,A2G1,1 x Core,1 x Core,1 x Core
92-1-8,19485.9536,15.5,10,0.00,6,19486.0702,-0.1166,-6,11,10,1,1,1,0,0,0.00,A1G1F,A2G1,unmodified,2 x Core,1 x Core
92-1-9,19485.9536,15.5,11,0.00,1,19486.0702,-0.1166,-6,11,10,1,1,1,0,0,0.00,A3G3F+LacN1,A2G1,unmodified,unmodified,unmodified
93-0-0,19486.9272,0.1,NA,NA,NA,NA,NA,NA,NA,NA,NA,NA,NA,NA,NA,NA,NA,NA,NA,NA,NA
94-0-0,19500.9501,3.6,0,87.33,2,19501.0651,-0.1150,-6,11,10,1,2,0,0,0,84.55,unmodified,A2G2F,2 x Core,2 x Core,2 x Core
94-0-1,19500.9501,3.6,1,9.75,6,19501.0651,-0.1150,-6,11,10,1,2,0,0,0,5.31,A2G1,A2G2F,unmodified,1 x Core,1 x Core
94-0-2,19500.9501,3.6,2,1.80,3,19501.0651,-0.1150,-6,11,10,1,2,0,0,0,1.29,A3G3F,unmodified,2 x Core,2 x Core,1 x Core
94-0-3,19500.9501,3.6,3,0.65,6,19501.0651,-0.1150,-6,11,10,1,2,0,0,0,0.45,A2G1,A2G2F,unmodified,2 x Core,unmodified
94-0-4,19500.9501,3.6,4,0.45,3,19501.0651,-0.1150,-6,11,10,1,2,0,0,0,0.35,A3G3F+LacN1,unmodified,1 x Core,2 x Core,1 x Core
94-0-5,19500.9501,3.6,5,0.02,3,19501.0651,-0.1150,-6,11,10,1,2,0,0,0,0.01,A3G3F+LacN1,unmodified,unmodified,2 x Core,2 x Core
94-0-6,19500.9501,3.6,6,0.00,3,19501.0651,-0.1150,-6,11,10,1,2,0,0,0,0.00,A3G3F,A2G1,unmodified,unmodified,1 x Core
94-0-7,19500.9501,3.6,7,0.00,1,19501.0651,-0.1150,-6,11,10,1,2,0,0,0,0.00,A1G1F,A2G1,1 x Core,1 x Core,1 x Core
94-0-8,19500.9501,3.6,8,0.00,6,19501.0651,-0.1150,-6,11,10,1,2,0,0,0,0.00,A1G1F,A2G1,unmodified,2 x Core,1 x Core
94-0-9,19500.9501,3.6,9,0.00,1,19501.0651,-0.1150,-6,11,10,1,2,0,0,0,0.00,A3G3F+LacN1,A2G1,unmodified,unmodified,unmodified
95-1-0,19509.9427,0.4,0,56.39,1,19510.1018,-0.1591,-8,10,11,1,0,0,0,0,56.39,A2G0F,A2G1,1 x Core,1 x Core,1 x Core
95-1-1,19509.9427,0.4,1,43.61,6,19510.1018,-0.1591,-8,10,11,1,0,0,0,0,30.17,A2G0F,A2G1,unmodified,2 x Core,1 x Core
96-0-0,19516.0102,2.5,NA,NA,NA,NA,NA,NA,NA,NA,NA,NA,NA,NA,NA,NA,NA,NA,NA,NA,NA
97-0-0,19519.0348,0.6,NA,NA,NA,NA,NA,NA,NA,NA,NA,NA,NA,NA,NA,NA,NA,NA,NA,NA,NA
98-0-0,19520.9409,0.1,NA,NA,NA,NA,NA,NA,NA,NA,NA,NA,NA,NA,NA,NA,NA,NA,NA,NA,NA
99-0-0,19530.9808,1.9,NA,NA,NA,NA,NA,NA,NA,NA,NA,NA,NA,NA,NA,NA,NA,NA,NA,NA,NA
100-0-0,19534.1579,0.2,NA,NA,NA,NA,NA,NA,NA,NA,NA,NA,NA,NA,NA,NA,NA,NA,NA,NA,NA
101-1-0,19542.9441,0.5,0,40.93,1,19543.0916,-0.1476,-8,11,11,0,1,1,0,0,40.93,A2G1,A2G1,1 x Core,1 x Core,1 x Core
101-1-1,19542.9441,0.5,1,31.65,6,19543.0916,-0.1476,-8,11,11,0,1,1,0,0,21.90,A2G1,A2G1,unmodified,2 x Core,1 x Core
101-0-0,19542.9441,0.5,2,15.46,1,19543.0916,-0.1476,-8,10,11,1,2,1,0,0,15.46,A2G0F,A2G1,1 x Core,1 x Core,1 x Core
101-0-1,19542.9441,0.5,3,11.96,6,19543.0916,-0.1476,-8,10,11,1,2,1,0,0,8.27,A2G0F,A2G1,unmodified,2 x Core,1 x Core
102-1-0,19549.9905,0.2,0,93.77,3,19550.0750,-0.0844,-4,14,8,1,0,1,0,0,51.36,M7,A2G2F,unmodified,1 x Core,1 x Core
102-1-1,19549.9905,0.2,1,6.23,3,19550.0750,-0.0844,-4,14,8,1,0,1,0,0,4.36,M7,A2G2F,unmodified,2 x Core,unmodified
103-0-0,19550.9282,0.1,NA,NA,NA,NA,NA,NA,NA,NA,NA,NA,NA,NA,NA,NA,NA,NA,NA,NA,NA
104-0-0,19552.9545,0.2,NA,NA,NA,NA,NA,NA,NA,NA,NA,NA,NA,NA,NA,NA,NA,NA,NA,NA,NA
105-1-0,19564.9850,0.2,0,93.77,3,19565.0699,-0.0849,-4,14,8,1,1,0,0,0,51.36,M7,A2G2F,unmodified,1 x Core,1 x Core
105-1-1,19564.9850,0.2,1,6.23,3,19565.0699,-0.0849,-4,14,8,1,1,0,0,0,4.36,M7,A2G2F,unmodified,2 x Core,unmodified
106-1-0,19566.0042,0.1,0,93.77,3,19566.0699,-0.0657,-3,14,8,1,1,1,0,0,51.36,M7,A2G2F,unmodified,1 x Core,1 x Core
106-1-1,19566.0042,0.1,1,6.23,3,19566.0699,-0.0657,-3,14,8,1,1,1,0,0,4.36,M7,A2G2F,unmodified,2 x Core,unmodified
107-0-0,19567.9340,0.1,NA,NA,NA,NA,NA,NA,NA,NA,NA,NA,NA,NA,NA,NA,NA,NA,NA,NA,NA
108-0-0,19583.9868,5.8,NA,NA,NA,NA,NA,NA,NA,NA,NA,NA,NA,NA,NA,NA,NA,NA,NA,NA,NA
109-1-0,19589.9219,0.2,0,46.78,1,19590.1015,-0.1796,-9,13,9,1,0,0,0,0,46.78,M5,A2G2F,1 x Core,1 x Core,1 x Core
109-1-1,19589.9219,0.2,1,36.17,6,19590.1015,-0.1796,-9,13,9,1,0,0,0,0,25.03,M5,A2G2F,unmodified,2 x Core,1 x Core
109-1-2,19589.9219,0.2,2,15.99,3,19590.1015,-0.1796,-9,13,9,1,0,0,0,0,8.76,M5-A1G1,A2G2F,unmodified,1 x Core,1 x Core
109-1-3,19589.9219,0.2,3,1.06,3,19590.1015,-0.1796,-9,13,9,1,0,0,0,0,0.74,M5-A1G1,A2G2F,unmodified,2 x Core,unmodified
110-0-0,19597.9467,0.3,NA,NA,NA,NA,NA,NA,NA,NA,NA,NA,NA,NA,NA,NA,NA,NA,NA,NA,NA
111-0-0,19599.9453,1.4,NA,NA,NA,NA,NA,NA,NA,NA,NA,NA,NA,NA,NA,NA,NA,NA,NA,NA,NA
112-0-0,19607.9428,0.1,NA,NA,NA,NA,NA,NA,NA,NA,NA,NA,NA,NA,NA,NA,NA,NA,NA,NA,NA
113-0-0,19616.9678,0.2,NA,NA,NA,NA,NA,NA,NA,NA,NA,NA,NA,NA,NA,NA,NA,NA,NA,NA,NA
114-1-0,19630.9896,0.6,0,83.43,3,19631.1281,-0.1385,-7,12,10,1,0,0,0,0,45.69,A2G2,A2G2F,unmodified,1 x Core,1 x Core
114-1-1,19630.9896,0.6,1,5.86,1,19631.1281,-0.1385,-7,12,10,1,0,0,0,0,5.86,A1G1,A2G2F,1 x Core,1 x Core,1 x Core
114-1-2,19630.9896,0.6,2,5.54,3,19631.1281,-0.1385,-7,12,10,1,0,0,0,0,3.88,A2G2,A2G2F,unmodified,2 x Core,unmodified
114-1-3,19630.9896,0.6,3,4.53,6,19631.1281,-0.1385,-7,12,10,1,0,0,0,0,3.14,A1G1,A2G2F,unmodified,2 x Core,1 x Core
114-1-4,19630.9896,0.6,4,0.63,3,19631.1281,-0.1385,-7,12,10,1,0,0,0,0,0.45,A3G3,A2G2F,unmodified,unmodified,1 x Core
114-1-5,19630.9896,0.6,5,0.00,1,19631.1281,-0.1385,-7,12,10,1,0,0,0,0,0.00,A3G3+LacN1,A2G2F,unmodified,unmodified,unmodified
115-1-0,19630.9926,0.3,0,83.43,3,19631.1281,-0.1355,-7,12,10,1,0,0,0,0,45.69,A2G2,A2G2F,unmodified,1 x Core,1 x Core
115-1-1,19630.9926,0.3,1,5.86,1,19631.1281,-0.1355,-7,12,10,1,0,0,0,0,5.86,A1G1,A2G2F,1 x Core,1 x Core,1 x Core
115-1-2,19630.9926,0.3,2,5.54,3,19631.1281,-0.1355,-7,12,10,1,0,0,0,0,3.88,A2G2,A2G2F,unmodified,2 x Core,unmodified
115-1-3,19630.9926,0.3,3,4.53,6,19631.1281,-0.1355,-7,12,10,1,0,0,0,0,3.14,A1G1,A2G2F,unmodified,2 x Core,1 x Core
115-1-4,19630.9926,0.3,4,0.63,3,19631.1281,-0.1355,-7,12,10,1,0,0,0,0,0.45,A3G3,A2G2F,unmodified,unmodified,1 x Core
115-1-5,19630.9926,0.3,5,0.00,1,19631.1281,-0.1355,-7,12,10,1,0,0,0,0,0.00,A3G3+LacN1,A2G2F,unmodified,unmodified,unmodified
116-0-0,19642.0000,0.1,NA,NA,NA,NA,NA,NA,NA,NA,NA,NA,NA,NA,NA,NA,NA,NA,NA,NA,NA
117-0-0,19646.9472,0.2,0,83.41,3,19647.1230,-0.1758,-9,12,10,1,1,0,0,0,45.68,A2G2,A2G2F,unmodified,1 x Core,1 x Core
117-0-1,19646.9472,0.2,1,5.86,1,19647.1230,-0.1758,-9,12,10,1,1,0,0,0,5.86,A1G1,A2G2F,1 x Core,1 x Core,1 x Core
117-0-2,19646.9472,0.2,2,5.54,3,19647.1230,-0.1758,-9,12,10,1,1,0,0,0,3.88,A2G2,A2G2F,unmodified,2 x Core,unmodified
117-0-3,19646.9472,0.2,3,4.53,6,19647.1230,-0.1758,-9,12,10,1,1,0,0,0,3.13,A1G1,A2G2F,unmodified,2 x Core,1 x Core
117-0-4,19646.9472,0.2,4,0.63,3,19647.1230,-0.1758,-9,12,10,1,1,0,0,0,0.45,A3G3,A2G2F,unmodified,unmodified,1 x Core
117-1-0,19646.9472,0.2,5,0.02,3,19647.1230,-0.1758,-9,13,10,0,0,0,0,0,0.01,M5,A2G1,1 x Core,2 x Core,1 x Core
117-1-1,19646.9472,0.2,6,0.00,1,19647.1230,-0.1758,-9,13,10,0,0,0,0,0,0.00,M5-A1G1,A2G1,1 x Core,1 x Core,1 x Core
117-1-2,19646.9472,0.2,7,0.00,6,19647.1230,-0.1758,-9,13,10,0,0,0,0,0,0.00,M5-A1G1,A2G1,unmodified,2 x Core,1 x Core
117-1-3,19646.9472,0.2,8,0.00,3,19647.1230,-0.1758,-9,13,10,0,0,0,0,0,0.00,M5,A2G1,unmodified,2 x Core,2 x Core
117-0-5,19646.9472,0.2,9,0.00,1,19647.1230,-0.1758,-9,12,10,1,1,0,0,0,0.00,A3G3+LacN1,A2G2F,unmodified,unmodified,unmodified
118-0-0,19696.9376,0.3,NA,NA,NA,NA,NA,NA,NA,NA,NA,NA,NA,NA,NA,NA,NA,NA,NA,NA,NA
119-0-0,19718.0430,0.1,NA,NA,NA,NA,NA,NA,NA,NA,NA,NA,NA,NA,NA,NA,NA,NA,NA,NA,NA
120-0-0,19785.9902,0.1,NA,NA,NA,NA,NA,NA,NA,NA,NA,NA,NA,NA,NA,NA,NA,NA,NA,NA,NA
121-0-0,19834.7255,8.0,NA,NA,NA,NA,NA,NA,NA,NA,NA,NA,NA,NA,NA,NA,NA,NA,NA,NA,NA
122-1-0,19851.0804,2.1,0,40.67,2,19851.2024,-0.1219,-6,12,11,1,1,1,0,0,40.43,A2G1,A2G2F,1 x Core,1 x Core,1 x Core
122-1-1,19851.0804,2.1,1,31.46,12,19851.2024,-0.1219,-6,12,11,1,1,1,0,0,21.63,A2G1,A2G2F,unmodified,2 x Core,1 x Core
122-0-0,19851.0804,2.1,2,15.27,1,19851.2024,-0.1219,-6,11,11,2,2,1,0,0,15.27,A2G0F,A2G2F,1 x Core,1 x Core,1 x Core
122-0-1,19851.0804,2.1,3,11.81,6,19851.2024,-0.1219,-6,11,11,2,2,1,0,0,8.17,A2G0F,A2G2F,unmodified,2 x Core,1 x Core
122-1-2,19851.0804,2.1,4,0.42,3,19851.2024,-0.1219,-6,12,11,1,1,1,0,0,0.30,A3G3F+LacN1,unmodified,2 x Core,2 x Core,1 x Core
122-1-3,19851.0804,2.1,5,0.36,1,19851.2024,-0.1219,-6,12,11,1,1,1,0,0,0.36,A3G3F,unmodified,2 x Core,2 x Core,2 x Core
122-1-4,19851.0804,2.1,6,0.01,3,19851.2024,-0.1219,-6,12,11,1,1,1,0,0,0.00,A3G3F,A2G1,unmodified,1 x Core,1 x Core
122-1-5,19851.0804,2.1,7,0.00,3,19851.2024,-0.1219,-6,12,11,1,1,1,0,0,0.00,A1G1F,A2G1,1 x Core,2 x Core,1 x Core
122-1-6,19851.0804,2.1,8,0.00,3,19851.2024,-0.1219,-6,12,11,1,1,1,0,0,0.00,A3G3F,A2G1,unmodified,2 x Core,unmodified
122-1-7,19851.0804,2.1,9,0.00,3,19851.2024,-0.1219,-6,12,11,1,1,1,0,0,0.00,A3G3F+LacN1,A2G1,unmodified,unmodified,1 x Core
122-1-8,19851.0804,2.1,10,0.00,3,19851.2024,-0.1219,-6,12,11,1,1,1,0,0,0.00,A1G1F,A2G1,unmodified,2 x Core,2 x Core
123-0-0,19868.0727,0.2,NA,NA,NA,NA,NA,NA,NA,NA,NA,NA,NA,NA,NA,NA,NA,NA,NA,NA,NA
124-0-0,19868.0814,0.0,NA,NA,NA,NA,NA,NA,NA,NA,NA,NA,NA,NA,NA,NA,NA,NA,NA,NA,NA
125-0-0,19881.0751,0.1,NA,NA,NA,NA,NA,NA,NA,NA,NA,NA,NA,NA,NA,NA,NA,NA,NA,NA,NA
126-0-0,19936.1429,0.0,NA,NA,NA,NA,NA,NA,NA,NA,NA,NA,NA,NA,NA,NA,NA,NA,NA,NA,NA
127-0-0,19949.0823,0.2,NA,NA,NA,NA,NA,NA,NA,NA,NA,NA,NA,NA,NA,NA,NA,NA,NA,NA,NA
128-0-0,19951.0860,0.2,NA,NA,NA,NA,NA,NA,NA,NA,NA,NA,NA,NA,NA,NA,NA,NA,NA,NA,NA
129-0-0,19970.1499,0.1,NA,NA,NA,NA,NA,NA,NA,NA,NA,NA,NA,NA,NA,NA,NA,NA,NA,NA,NA
130-1-0,19997.1697,1.0,0,52.80,1,19997.2603,-0.0906,-5,13,11,1,0,1,0,0,52.80,A2G2,A2G2F,1 x Core,1 x Core,1 x Core
130-1-1,19997.1697,1.0,1,40.83,6,19997.2603,-0.0906,-5,13,11,1,0,1,0,0,28.25,A2G2,A2G2F,unmodified,2 x Core,1 x Core
130-1-2,19997.1697,1.0,2,4.63,3,19997.2603,-0.0906,-5,13,11,1,0,1,0,0,3.62,A1G1,A2G2F,1 x Core,2 x Core,1 x Core
130-1-3,19997.1697,1.0,3,1.43,3,19997.2603,-0.0906,-5,13,11,1,0,1,0,0,0.78,A3G3,A2G2F,unmodified,1 x Core,1 x Core
130-1-4,19997.1697,1.0,4,0.22,3,19997.2603,-0.0906,-5,13,11,1,0,1,0,0,0.13,A1G1,A2G2F,unmodified,2 x Core,2 x Core
130-1-5,19997.1697,1.0,5,0.10,3,19997.2603,-0.0906,-5,13,11,1,0,1,0,0,0.07,A3G3,A2G2F,unmodified,2 x Core,unmodified
130-1-6,19997.1697,1.0,6,0.00,3,19997.2603,-0.0906,-5,13,11,1,0,1,0,0,0.00,A3G3+LacN1,A2G2F,unmodified,unmodified,1 x Core
131-0-0,20013.1216,0.1,0,52.79,1,20013.2552,-0.1336,-7,13,11,1,1,1,0,0,52.79,A2G2,A2G2F,1 x Core,1 x Core,1 x Core
131-0-1,20013.1216,0.1,1,40.83,6,20013.2552,-0.1336,-7,13,11,1,1,1,0,0,28.25,A2G2,A2G2F,unmodified,2 x Core,1 x Core
131-0-2,20013.1216,0.1,2,4.63,3,20013.2552,-0.1336,-7,13,11,1,1,1,0,0,3.62,A1G1,A2G2F,1 x Core,2 x Core,1 x Core
131-0-3,20013.1216,0.1,3,1.43,3,20013.2552,-0.1336,-7,13,11,1,1,1,0,0,0.78,A3G3,A2G2F,unmodified,1 x Core,1 x Core
131-0-4,20013.1216,0.1,4,0.22,3,20013.2552,-0.1336,-7,13,11,1,1,1,0,0,0.13,A1G1,A2G2F,unmodified,2 x Core,2 x Core
131-0-5,20013.1216,0.1,5,0.10,3,20013.2552,-0.1336,-7,13,11,1,1,1,0,0,0.07,A3G3,A2G2F,unmodified,2 x Core,unmodified
131-2-0,20013.1216,0.1,6,0.00,3,20013.2552,-0.1336,-7,14,11,0,0,1,0,0,0.00,M5-A1G1,A2G1,1 x Core,2 x Core,1 x Core
131-2-1,20013.1216,0.1,7,0.00,3,20013.2552,-0.1336,-7,14,11,0,0,1,0,0,0.00,M5,A2G1,2 x Core,2 x Core,1 x Core
131-0-6,20013.1216,0.1,8,0.00,3,20013.2552,-0.1336,-7,13,11,1,1,1,0,0,0.00,A3G3+LacN1,A2G2F,unmodified,unmodified,1 x Core
131-2-2,20013.1216,0.1,9,0.00,3,20013.2552,-0.1336,-7,14,11,0,0,1,0,0,0.00,M5-A1G1,A2G1,unmodified,2 x Core,2 x Core
132-0-0,20015.2059,0.2,NA,NA,NA,NA,NA,NA,NA,NA,NA,NA,NA,NA,NA,NA,NA,NA,NA,NA,NA
133-0-0,20147.1202,0.1,NA,NA,NA,NA,NA,NA,NA,NA,NA,NA,NA,NA,NA,NA,NA,NA,NA,NA,NA
134-0-0,20157.0799,0.2,NA,NA,NA,NA,NA,NA,NA,NA,NA,NA,NA,NA,NA,NA,NA,NA,NA,NA,NA
135-1-0,20190.1896,0.1,0,100.00,3,20190.3029,-0.1133,-6,15,11,0,1,0,0,0,71.59,M6,A2G1,2 x Core,2 x Core,1 x Core
136-1-0,20199.1908,0.1,0,69.43,6,20199.3396,-0.1488,-7,13,12,1,0,0,0,0,54.04,A2G1,A2G2F,1 x Core,2 x Core,1 x Core
136-0-0,20199.1908,0.1,1,26.07,3,20199.3396,-0.1488,-7,12,12,2,1,0,0,0,20.41,A2G0F,A2G2F,1 x Core,2 x Core,1 x Core
136-1-1,20199.1908,0.1,2,3.23,6,20199.3396,-0.1488,-7,13,12,1,0,0,0,0,1.98,A2G1,A2G2F,unmodified,2 x Core,2 x Core
136-0-1,20199.1908,0.1,3,1.21,3,20199.3396,-0.1488,-7,12,12,2,1,0,0,0,0.75,A2G0F,A2G2F,unmodified,2 x Core,2 x Core
136-1-2,20199.1908,0.1,4,0.03,1,20199.3396,-0.1488,-7,13,12,1,0,0,0,0,0.03,A3G3F+LacN1,unmodified,2 x Core,2 x Core,2 x Core
136-1-3,20199.1908,0.1,5,0.01,1,20199.3396,-0.1488,-7,13,12,1,0,0,0,0,0.01,A3G3F,A2G1,1 x Core,1 x Core,1 x Core
136-1-4,20199.1908,0.1,6,0.01,6,20199.3396,-0.1488,-7,13,12,1,0,0,0,0,0.01,A3G3F,A2G1,unmodified,2 x Core,1 x Core
136-1-5,20199.1908,0.1,7,0.00,3,20199.3396,-0.1488,-7,13,12,1,0,0,0,0,0.00,A3G3F+LacN1,A2G1,unmodified,1 x Core,1 x Core
136-1-6,20199.1908,0.1,8,0.00,3,20199.3396,-0.1488,-7,13,12,1,0,0,0,0,0.00,A1G1F,A2G1,2 x Core,2 x Core,1 x Core
136-1-7,20199.1908,0.1,9,0.00,3,20199.3396,-0.1488,-7,13,12,1,0,0,0,0,0.00,A3G3F+LacN1,A2G1,unmodified,2 x Core,unmodified
137-1-0,20199.3074,0.3,0,69.43,6,20199.3396,-0.0322,-2,13,12,1,0,0,0,0,54.04,A2G1,A2G2F,1 x Core,2 x Core,1 x Core
137-0-0,20199.3074,0.3,1,26.07,3,20199.3396,-0.0322,-2,12,12,2,1,0,0,0,20.41,A2G0F,A2G2F,1 x Core,2 x Core,1 x Core
137-1-1,20199.3074,0.3,2,3.23,6,20199.3396,-0.0322,-2,13,12,1,0,0,0,0,1.98,A2G1,A2G2F,unmodified,2 x Core,2 x Core
137-0-1,20199.3074,0.3,3,1.21,3,20199.3396,-0.0322,-2,12,12,2,1,0,0,0,0.75,A2G0F,A2G2F,unmodified,2 x Core,2 x Core
137-1-2,20199.3074,0.3,4,0.03,1,20199.3396,-0.0322,-2,13,12,1,0,0,0,0,0.03,A3G3F+LacN1,unmodified,2 x Core,2 x Core,2 x Core
137-1-3,20199.3074,0.3,5,0.01,1,20199.3396,-0.0322,-2,13,12,1,0,0,0,0,0.01,A3G3F,A2G1,1 x Core,1 x Core,1 x Core
137-1-4,20199.3074,0.3,6,0.01,6,20199.3396,-0.0322,-2,13,12,1,0,0,0,0,0.01,A3G3F,A2G1,unmodified,2 x Core,1 x Core
137-1-5,20199.3074,0.3,7,0.00,3,20199.3396,-0.0322,-2,13,12,1,0,0,0,0,0.00,A3G3F+LacN1,A2G1,unmodified,1 x Core,1 x Core
137-1-6,20199.3074,0.3,8,0.00,3,20199.3396,-0.0322,-2,13,12,1,0,0,0,0,0.00,A1G1F,A2G1,2 x Core,2 x Core,1 x Core
137-1-7,20199.3074,0.3,9,0.00,3,20199.3396,-0.0322,-2,13,12,1,0,0,0,0,0.00,A3G3F+LacN1,A2G1,unmodified,2 x Core,unmodified
138-0-0,20214.1914,0.1,NA,NA,NA,NA,NA,NA,NA,NA,NA,NA,NA,NA,NA,NA,NA,NA,NA,NA,NA
139-0-0,20234.1990,0.1,NA,NA,NA,NA,NA,NA,NA,NA,NA,NA,NA,NA,NA,NA,NA,NA,NA,NA,NA
140-0-0,20234.2222,0.1,NA,NA,NA,NA,NA,NA,NA,NA,NA,NA,NA,NA,NA,NA,NA,NA,NA,NA,NA
141-1-0,20320.1870,0.8,0,58.86,3,20320.3659,-0.1789,-9,15,11,1,0,0,0,0,46.09,M5-A1G1,A2G2F,1 x Core,2 x Core,1 x Core
141-1-1,20320.1870,0.8,1,38.39,3,20320.3659,-0.1789,-9,15,11,1,0,0,0,0,27.49,M5,A2G2F,2 x Core,2 x Core,1 x Core
141-1-2,20320.1870,0.8,2,2.74,3,20320.3659,-0.1789,-9,15,11,1,0,0,0,0,1.69,M5-A1G1,A2G2F,unmodified,2 x Core,2 x Core
142-0-0,20322.2279,0.1,NA,NA,NA,NA,NA,NA,NA,NA,NA,NA,NA,NA,NA,NA,NA,NA,NA,NA,NA
143-0-0,20334.2189,0.1,NA,NA,NA,NA,NA,NA,NA,NA,NA,NA,NA,NA,NA,NA,NA,NA,NA,NA,NA
144-0-0,20344.2183,0.5,NA,NA,NA,NA,NA,NA,NA,NA,NA,NA,NA,NA,NA,NA,NA,NA,NA,NA,NA
145-0-0,20345.2806,0.1,NA,NA,NA,NA,NA,NA,NA,NA,NA,NA,NA,NA,NA,NA,NA,NA,NA,NA,NA
146-0-0,20354.3977,0.2,NA,NA,NA,NA,NA,NA,NA,NA,NA,NA,NA,NA,NA,NA,NA,NA,NA,NA,NA
147-1-0,20362.2083,21.4,0,90.83,3,20362.3925,-0.1842,-9,14,12,1,0,1,0,0,71.12,A2G2,A2G2F,1 x Core,2 x Core,1 x Core
147-1-1,20362.2083,21.4,1,4.23,3,20362.3925,-0.1842,-9,14,12,1,0,1,0,0,2.61,A2G2,A2G2F,unmodified,2 x Core,2 x Core
147-1-2,20362.2083,21.4,2,1.98,1,20362.3925,-0.1842,-9,14,12,1,0,1,0,0,1.98,A3G3,A2G2F,1 x Core,1 x Core,1 x Core
147-1-3,20362.2083,21.4,3,1.53,6,20362.3925,-0.1842,-9,14,12,1,0,1,0,0,1.06,A3G3,A2G2F,unmodified,2 x Core,1 x Core
147-1-4,20362.2083,21.4,4,1.42,3,20362.3925,-0.1842,-9,14,12,1,0,1,0,0,1.02,A1G1,A2G2F,2 x Core,2 x Core,1 x Core
147-1-5,20362.2083,21.4,5,0.01,3,20362.3925,-0.1842,-9,14,12,1,0,1,0,0,0.01,A3G3+LacN1,A2G2F,unmodified,1 x Core,1 x Core
147-1-6,20362.2083,21.4,6,0.00,3,20362.3925,-0.1842,-9,14,12,1,0,1,0,0,0.00,A3G3+LacN1,A2G2F,unmodified,2 x Core,unmodified
148-0-0,20378.3164,6.7,0,90.83,3,20378.3874,-0.0710,-3,14,12,1,1,1,0,0,71.12,A2G2,A2G2F,1 x Core,2 x Core,1 x Core
148-0-1,20378.3164,6.7,1,4.23,3,20378.3874,-0.0710,-3,14,12,1,1,1,0,0,2.61,A2G2,A2G2F,unmodified,2 x Core,2 x Core
148-0-2,20378.3164,6.7,2,1.98,1,20378.3874,-0.0710,-3,14,12,1,1,1,0,0,1.98,A3G3,A2G2F,1 x Core,1 x Core,1 x Core
148-0-3,20378.3164,6.7,3,1.53,6,20378.3874,-0.0710,-3,14,12,1,1,1,0,0,1.06,A3G3,A2G2F,unmodified,2 x Core,1 x Core
148-0-4,20378.3164,6.7,4,1.42,3,20378.3874,-0.0710,-3,14,12,1,1,1,0,0,1.02,A1G1,A2G2F,2 x Core,2 x Core,1 x Core
148-0-5,20378.3164,6.7,5,0.01,3,20378.3874,-0.0710,-3,14,12,1,1,1,0,0,0.01,A3G3+LacN1,A2G2F,unmodified,1 x Core,1 x Core
148-2-0,20378.3164,6.7,6,0.00,3,20378.3874,-0.0710,-3,15,12,0,0,1,0,0,0.00,M5-A1G1,A2G1,2 x Core,2 x Core,1 x Core
148-0-6,20378.3164,6.7,7,0.00,3,20378.3874,-0.0710,-3,14,12,1,1,1,0,0,0.00,A3G3+LacN1,A2G2F,unmodified,2 x Core,unmodified
148-2-1,20378.3164,6.7,8,0.00,1,20378.3874,-0.0710,-3,15,12,0,0,1,0,0,0.00,M5,A2G1,2 x Core,2 x Core,2 x Core
149-0-0,20394.2673,1.3,0,90.83,3,20394.3823,-0.1150,-6,14,12,1,2,1,0,0,71.12,A2G2,A2G2F,1 x Core,2 x Core,1 x Core
149-0-1,20394.2673,1.3,1,4.23,3,20394.3823,-0.1150,-6,14,12,1,2,1,0,0,2.61,A2G2,A2G2F,unmodified,2 x Core,2 x Core
149-0-2,20394.2673,1.3,2,1.98,1,20394.3823,-0.1150,-6,14,12,1,2,1,0,0,1.98,A3G3,A2G2F,1 x Core,1 x Core,1 x Core
149-0-3,20394.2673,1.3,3,1.53,6,20394.3823,-0.1150,-6,14,12,1,2,1,0,0,1.06,A3G3,A2G2F,unmodified,2 x Core,1 x Core
149-0-4,20394.2673,1.3,4,1.42,3,20394.3823,-0.1150,-6,14,12,1,2,1,0,0,1.02,A1G1,A2G2F,2 x Core,2 x Core,1 x Core
149-0-5,20394.2673,1.3,5,0.01,3,20394.3823,-0.1150,-6,14,12,1,2,1,0,0,0.01,A3G3+LacN1,A2G2F,unmodified,1 x Core,1 x Core
149-1-0,20394.2673,1.3,6,0.00,3,20394.3823,-0.1150,-6,15,12,0,1,1,0,0,0.00,M5-A1G1,A2G1,2 x Core,2 x Core,1 x Core
149-0-6,20394.2673,1.3,7,0.00,3,20394.3823,-0.1150,-6,14,12,1,2,1,0,0,0.00,A3G3+LacN1,A2G2F,unmodified,2 x Core,unmodified
149-1-1,20394.2673,1.3,8,0.00,1,20394.3823,-0.1150,-6,15,12,0,1,1,0,0,0.00,M5,A2G1,2 x Core,2 x Core,2 x Core
150-0-0,20395.2559,0.2,NA,NA,NA,NA,NA,NA,NA,NA,NA,NA,NA,NA,NA,NA,NA,NA,NA,NA,NA
151-0-0,20407.2465,1.1,NA,NA,NA,NA,NA,NA,NA,NA,NA,NA,NA,NA,NA,NA,NA,NA,NA,NA,NA
152-0-0,20407.2719,0.4,NA,NA,NA,NA,NA,NA,NA,NA,NA,NA,NA,NA,NA,NA,NA,NA,NA,NA,NA
153-2-0,20418.2608,0.4,0,88.35,3,20418.4139,-0.1532,-8,14,13,0,0,0,0,0,63.25,A2G2,A2G1,2 x Core,2 x Core,1 x Core
153-2-1,20418.2608,0.4,1,10.76,3,20418.4139,-0.1532,-8,14,13,0,0,0,0,0,8.42,A3G3,A2G1,1 x Core,2 x Core,1 x Core
153-2-2,20418.2608,0.4,2,0.50,3,20418.4139,-0.1532,-8,14,13,0,0,0,0,0,0.31,A3G3,A2G1,unmodified,2 x Core,2 x Core
153-2-3,20418.2608,0.4,3,0.30,1,20418.4139,-0.1532,-8,14,13,0,0,0,0,0,0.30,A1G1,A2G1,2 x Core,2 x Core,2 x Core
153-2-4,20418.2608,0.4,4,0.05,1,20418.4139,-0.1532,-8,14,13,0,0,0,0,0,0.05,A3G3+LacN1,A2G1,1 x Core,1 x Core,1 x Core
153-2-5,20418.2608,0.4,5,0.04,6,20418.4139,-0.1532,-8,14,13,0,0,0,0,0,0.03,A3G3+LacN1,A2G1,unmodified,2 x Core,1 x Core
154-0-0,20422.2626,0.1,NA,NA,NA,NA,NA,NA,NA,NA,NA,NA,NA,NA,NA,NA,NA,NA,NA,NA,NA
155-0-0,20424.2550,0.2,NA,NA,NA,NA,NA,NA,NA,NA,NA,NA,NA,NA,NA,NA,NA,NA,NA,NA,NA
156-0-0,20465.2530,0.1,NA,NA,NA,NA,NA,NA,NA,NA,NA,NA,NA,NA,NA,NA,NA,NA,NA,NA,NA
157-0-0,20472.5256,0.1,NA,NA,NA,NA,NA,NA,NA,NA,NA,NA,NA,NA,NA,NA,NA,NA,NA,NA,NA
158-0-0,20476.3990,2.5,NA,NA,NA,NA,NA,NA,NA,NA,NA,NA,NA,NA,NA,NA,NA,NA,NA,NA,NA
159-0-0,20487.2709,0.1,NA,NA,NA,NA,NA,NA,NA,NA,NA,NA,NA,NA,NA,NA,NA,NA,NA,NA,NA
160-0-0,20489.2715,0.2,NA,NA,NA,NA,NA,NA,NA,NA,NA,NA,NA,NA,NA,NA,NA,NA,NA,NA,NA
161-0-0,20492.2595,0.5,NA,NA,NA,NA,NA,NA,NA,NA,NA,NA,NA,NA,NA,NA,NA,NA,NA,NA,NA
162-0-0,20507.3815,6.7,0,91.47,3,20507.4504,-0.0689,-3,14,12,2,0,0,0,0,71.62,A2G2F,A2G2F,1 x Core,2 x Core,1 x Core
162-0-1,20507.3815,6.7,1,4.26,3,20507.4504,-0.0689,-3,14,12,2,0,0,0,0,2.62,A2G2F,A2G2F,unmodified,2 x Core,2 x Core
162-0-2,20507.3815,6.7,2,2.27,1,20507.4504,-0.0689,-3,14,12,2,0,0,0,0,2.27,A3G3F,A2G2F,1 x Core,1 x Core,1 x Core
162-0-3,20507.3815,6.7,3,1.76,6,20507.4504,-0.0689,-3,14,12,2,0,0,0,0,1.22,A3G3F,A2G2F,unmodified,2 x Core,1 x Core
162-0-4,20507.3815,6.7,4,0.13,3,20507.4504,-0.0689,-3,14,12,2,0,0,0,0,0.07,A3G3F+LacN1,A2G2F,unmodified,1 x Core,1 x Core
162-0-5,20507.3815,6.7,5,0.11,3,20507.4504,-0.0689,-3,14,12,2,0,0,0,0,0.08,A1G1F,A2G2F,2 x Core,2 x Core,1 x Core
162-0-6,20507.3815,6.7,6,0.01,3,20507.4504,-0.0689,-3,14,12,2,0,0,0,0,0.01,A3G3F+LacN1,A2G2F,unmodified,2 x Core,unmodified
163-0-0,20523.3947,3.2,0,91.47,3,20523.4453,-0.0506,-2,14,12,2,1,0,0,0,71.62,A2G2F,A2G2F,1 x Core,2 x Core,1 x Core
163-0-1,20523.3947,3.2,1,4.26,3,20523.4453,-0.0506,-2,14,12,2,1,0,0,0,2.62,A2G2F,A2G2F,unmodified,2 x Core,2 x Core
163-0-2,20523.3947,3.2,2,2.27,1,20523.4453,-0.0506,-2,14,12,2,1,0,0,0,2.27,A3G3F,A2G2F,1 x Core,1 x Core,1 x Core
163-0-3,20523.3947,3.2,3,1.76,6,20523.4453,-0.0506,-2,14,12,2,1,0,0,0,1.22,A3G3F,A2G2F,unmodified,2 x Core,1 x Core
163-0-4,20523.3947,3.2,4,0.13,3,20523.4453,-0.0506,-2,14,12,2,1,0,0,0,0.07,A3G3F+LacN1,A2G2F,unmodified,1 x Core,1 x Core
163-0-5,20523.3947,3.2,5,0.11,3,20523.4453,-0.0506,-2,14,12,2,1,0,0,0,0.08,A1G1F,A2G2F,2 x Core,2 x Core,1 x Core
163-0-6,20523.3947,3.2,6,0.01,3,20523.4453,-0.0506,-2,14,12,2,1,0,0,0,0.01,A3G3F+LacN1,A2G2F,unmodified,2 x Core,unmodified
164-0-0,20537.3089,0.2,NA,NA,NA,NA,NA,NA,NA,NA,NA,NA,NA,NA,NA,NA,NA,NA,NA,NA,NA
165-0-0,20540.3643,0.7,0,91.47,3,20540.4402,-0.0759,-4,14,12,2,2,1,0,0,71.62,A2G2F,A2G2F,1 x Core,2 x Core,1 x Core
165-0-1,20540.3643,0.7,1,4.26,3,20540.4402,-0.0759,-4,14,12,2,2,1,0,0,2.62,A2G2F,A2G2F,unmodified,2 x Core,2 x Core
165-0-2,20540.3643,0.7,2,2.27,1,20540.4402,-0.0759,-4,14,12,2,2,1,0,0,2.27,A3G3F,A2G2F,1 x Core,1 x Core,1 x Core
165-0-3,20540.3643,0.7,3,1.76,6,20540.4402,-0.0759,-4,14,12,2,2,1,0,0,1.22,A3G3F,A2G2F,unmodified,2 x Core,1 x Core
165-0-4,20540.3643,0.7,4,0.13,3,20540.4402,-0.0759,-4,14,12,2,2,1,0,0,0.07,A3G3F+LacN1,A2G2F,unmodified,1 x Core,1 x Core
165-0-5,20540.3643,0.7,5,0.11,3,20540.4402,-0.0759,-4,14,12,2,2,1,0,0,0.08,A1G1F,A2G2F,2 x Core,2 x Core,1 x Core
165-0-6,20540.3643,0.7,6,0.01,3,20540.4402,-0.0759,-4,14,12,2,2,1,0,0,0.01,A3G3F+LacN1,A2G2F,unmodified,2 x Core,unmodified
165-2-0,20540.3643,0.7,7,0.00,1,20540.4402,-0.0759,-4,16,12,0,0,1,0,0,0.00,M6,A2G1,2 x Core,2 x Core,2 x Core
166-0-0,20542.3229,0.1,NA,NA,NA,NA,NA,NA,NA,NA,NA,NA,NA,NA,NA,NA,NA,NA,NA,NA,NA
167-0-0,20547.3880,0.1,NA,NA,NA,NA,NA,NA,NA,NA,NA,NA,NA,NA,NA,NA,NA,NA,NA,NA,NA
168-0-0,20547.3880,0.1,NA,NA,NA,NA,NA,NA,NA,NA,NA,NA,NA,NA,NA,NA,NA,NA,NA,NA,NA
169-0-0,20551.3093,0.4,NA,NA,NA,NA,NA,NA,NA,NA,NA,NA,NA,NA,NA,NA,NA,NA,NA,NA,NA
170-0-0,20563.3241,1.4,NA,NA,NA,NA,NA,NA,NA,NA,NA,NA,NA,NA,NA,NA,NA,NA,NA,NA,NA
171-0-0,20575.3306,0.4,NA,NA,NA,NA,NA,NA,NA,NA,NA,NA,NA,NA,NA,NA,NA,NA,NA,NA,NA
172-0-0,20585.2908,0.5,NA,NA,NA,NA,NA,NA,NA,NA,NA,NA,NA,NA,NA,NA,NA,NA,NA,NA,NA
173-0-0,20598.3282,2.9,NA,NA,NA,NA,NA,NA,NA,NA,NA,NA,NA,NA,NA,NA,NA,NA,NA,NA,NA
174-0-0,20607.3422,0.2,NA,NA,NA,NA,NA,NA,NA,NA,NA,NA,NA,NA,NA,NA,NA,NA,NA,NA,NA
175-0-0,20615.3769,2.1,NA,NA,NA,NA,NA,NA,NA,NA,NA,NA,NA,NA,NA,NA,NA,NA,NA,NA,NA
176-0-0,20624.3222,0.2,NA,NA,NA,NA,NA,NA,NA,NA,NA,NA,NA,NA,NA,NA,NA,NA,NA,NA,NA
177-0-0,20627.3540,0.7,NA,NA,NA,NA,NA,NA,NA,NA,NA,NA,NA,NA,NA,NA,NA,NA,NA,NA,NA
178-0-0,20640.3862,0.7,NA,NA,NA,NA,NA,NA,NA,NA,NA,NA,NA,NA,NA,NA,NA,NA,NA,NA,NA
179-0-0,20647.3617,0.2,NA,NA,NA,NA,NA,NA,NA,NA,NA,NA,NA,NA,NA,NA,NA,NA,NA,NA,NA
180-0-0,20654.3165,0.1,0,100.00,1,20654.4831,-0.1666,-8,14,14,0,2,1,0,0,100.00,A2G1,A2G1,2 x Core,2 x Core,2 x Core
181-0-0,20657.3871,0.3,NA,NA,NA,NA,NA,NA,NA,NA,NA,NA,NA,NA,NA,NA,NA,NA,NA,NA,NA
182-0-0,20668.2086,0.6,NA,NA,NA,NA,NA,NA,NA,NA,NA,NA,NA,NA,NA,NA,NA,NA,NA,NA,NA
183-0-0,20673.1552,0.3,NA,NA,NA,NA,NA,NA,NA,NA,NA,NA,NA,NA,NA,NA,NA,NA,NA,NA,NA
184-0-0,20675.4133,0.3,NA,NA,NA,NA,NA,NA,NA,NA,NA,NA,NA,NA,NA,NA,NA,NA,NA,NA,NA
185-0-0,20684.3580,2.2,NA,NA,NA,NA,NA,NA,NA,NA,NA,NA,NA,NA,NA,NA,NA,NA,NA,NA,NA
186-0-0,20696.3746,1.5,NA,NA,NA,NA,NA,NA,NA,NA,NA,NA,NA,NA,NA,NA,NA,NA,NA,NA,NA
187-0-0,20708.4214,2.7,NA,NA,NA,NA,NA,NA,NA,NA,NA,NA,NA,NA,NA,NA,NA,NA,NA,NA,NA
188-0-0,20711.3799,0.1,NA,NA,NA,NA,NA,NA,NA,NA,NA,NA,NA,NA,NA,NA,NA,NA,NA,NA,NA
189-1-0,20727.3940,100.0,0,88.35,3,20727.5247,-0.1307,-6,15,13,1,0,1,0,0,63.25,A2G2,A2G2F,2 x Core,2 x Core,1 x Core
189-1-1,20727.3940,100.0,1,10.76,3,20727.5247,-0.1307,-6,15,13,1,0,1,0,0,8.42,A3G3,A2G2F,1 x Core,2 x Core,1 x Core
189-1-2,20727.3940,100.0,2,0.50,3,20727.5247,-0.1307,-6,15,13,1,0,1,0,0,0.31,A3G3,A2G2F,unmodified,2 x Core,2 x Core
189-1-3,20727.3940,100.0,3,0.30,1,20727.5247,-0.1307,-6,15,13,1,0,1,0,0,0.30,A1G1,A2G2F,2 x Core,2 x Core,2 x Core
189-1-4,20727.3940,100.0,4,0.05,1,20727.5247,-0.1307,-6,15,13,1,0,1,0,0,0.05,A3G3+LacN1,A2G2F,1 x Core,1 x Core,1 x Core
189-1-5,20727.3940,100.0,5,0.04,6,20727.5247,-0.1307,-6,15,13,1,0,1,0,0,0.03,A3G3+LacN1,A2G2F,unmodified,2 x Core,1 x Core
190-1-0,20743.3956,31.4,0,88.35,3,20743.5196,-0.1239,-6,15,13,1,1,1,0,0,63.25,A2G2,A2G2F,2 x Core,2 x Core,1 x Core
190-1-1,20743.3956,31.4,1,10.76,3,20743.5196,-0.1239,-6,15,13,1,1,1,0,0,8.42,A3G3,A2G2F,1 x Core,2 x Core,1 x Core
190-1-2,20743.3956,31.4,2,0.50,3,20743.5196,-0.1239,-6,15,13,1,1,1,0,0,0.31,A3G3,A2G2F,unmodified,2 x Core,2 x Core
190-1-3,20743.3956,31.4,3,0.30,1,20743.5196,-0.1239,-6,15,13,1,1,1,0,0,0.30,A1G1,A2G2F,2 x Core,2 x Core,2 x Core
190-1-4,20743.3956,31.4,4,0.05,1,20743.5196,-0.1239,-6,15,13,1,1,1,0,0,0.05,A3G3+LacN1,A2G2F,1 x Core,1 x Core,1 x Core
190-1-5,20743.3956,31.4,5,0.04,6,20743.5196,-0.1239,-6,15,13,1,1,1,0,0,0.03,A3G3+LacN1,A2G2F,unmodified,2 x Core,1 x Core
190-2-0,20743.3956,31.4,6,0.00,1,20743.5196,-0.1239,-6,16,13,0,0,1,0,0,0.00,M5-A1G1,A2G1,2 x Core,2 x Core,2 x Core
191-0-0,20757.3505,0.7,NA,NA,NA,NA,NA,NA,NA,NA,NA,NA,NA,NA,NA,NA,NA,NA,NA,NA,NA
192-0-0,20760.4299,9.5,NA,NA,NA,NA,NA,NA,NA,NA,NA,NA,NA,NA,NA,NA,NA,NA,NA,NA,NA
193-0-0,20761.3994,0.1,NA,NA,NA,NA,NA,NA,NA,NA,NA,NA,NA,NA,NA,NA,NA,NA,NA,NA,NA
194-0-0,20768.4086,0.4,NA,NA,NA,NA,NA,NA,NA,NA,NA,NA,NA,NA,NA,NA,NA,NA,NA,NA,NA
195-0-0,20772.4305,8.3,NA,NA,NA,NA,NA,NA,NA,NA,NA,NA,NA,NA,NA,NA,NA,NA,NA,NA,NA
196-0-0,20777.4123,1.0,NA,NA,NA,NA,NA,NA,NA,NA,NA,NA,NA,NA,NA,NA,NA,NA,NA,NA,NA
197-0-0,20781.4035,2.4,NA,NA,NA,NA,NA,NA,NA,NA,NA,NA,NA,NA,NA,NA,NA,NA,NA,NA,NA
198-0-0,20790.4252,5.8,NA,NA,NA,NA,NA,NA,NA,NA,NA,NA,NA,NA,NA,NA,NA,NA,NA,NA,NA
199-0-0,20798.7936,0.0,NA,NA,NA,NA,NA,NA,NA,NA,NA,NA,NA,NA,NA,NA,NA,NA,NA,NA,NA
200-0-0,20804.3856,1.4,NA,NA,NA,NA,NA,NA,NA,NA,NA,NA,NA,NA,NA,NA,NA,NA,NA,NA,NA
201-0-0,20805.3785,0.6,NA,NA,NA,NA,NA,NA,NA,NA,NA,NA,NA,NA,NA,NA,NA,NA,NA,NA,NA
202-0-0,20814.4292,1.3,NA,NA,NA,NA,NA,NA,NA,NA,NA,NA,NA,NA,NA,NA,NA,NA,NA,NA,NA
203-0-0,20824.4170,0.8,NA,NA,NA,NA,NA,NA,NA,NA,NA,NA,NA,NA,NA,NA,NA,NA,NA,NA,NA
204-0-0,20827.4152,1.1,NA,NA,NA,NA,NA,NA,NA,NA,NA,NA,NA,NA,NA,NA,NA,NA,NA,NA,NA
205-0-0,20834.3737,0.3,NA,NA,NA,NA,NA,NA,NA,NA,NA,NA,NA,NA,NA,NA,NA,NA,NA,NA,NA
206-0-0,20839.4028,0.1,NA,NA,NA,NA,NA,NA,NA,NA,NA,NA,NA,NA,NA,NA,NA,NA,NA,NA,NA
207-0-0,20841.4300,14.9,NA,NA,NA,NA,NA,NA,NA,NA,NA,NA,NA,NA,NA,NA,NA,NA,NA,NA,NA
208-0-0,20843.3670,0.3,NA,NA,NA,NA,NA,NA,NA,NA,NA,NA,NA,NA,NA,NA,NA,NA,NA,NA,NA
209-0-0,20857.3987,0.3,NA,NA,NA,NA,NA,NA,NA,NA,NA,NA,NA,NA,NA,NA,NA,NA,NA,NA,NA
210-0-0,20857.4723,6.4,NA,NA,NA,NA,NA,NA,NA,NA,NA,NA,NA,NA,NA,NA,NA,NA,NA,NA,NA
211-0-0,20873.4132,50.8,0,86.45,3,20873.5826,-0.1694,-8,15,13,2,0,1,0,0,61.89,A2G2F,A2G2F,2 x Core,2 x Core,1 x Core
211-0-1,20873.4132,50.8,1,12.01,3,20873.5826,-0.1694,-8,15,13,2,0,1,0,0,9.41,A3G3F,A2G2F,1 x Core,2 x Core,1 x Core
211-0-2,20873.4132,50.8,2,0.56,3,20873.5826,-0.1694,-8,15,13,2,0,1,0,0,0.34,A3G3F,A2G2F,unmodified,2 x Core,2 x Core
211-0-3,20873.4132,50.8,3,0.54,1,20873.5826,-0.1694,-8,15,13,2,0,1,0,0,0.54,A3G3F+LacN1,A2G2F,1 x Core,1 x Core,1 x Core
211-0-4,20873.4132,50.8,4,0.42,6,20873.5826,-0.1694,-8,15,13,2,0,1,0,0,0.29,A3G3F+LacN1,A2G2F,unmodified,2 x Core,1 x Core
211-0-5,20873.4132,50.8,5,0.02,1,20873.5826,-0.1694,-8,15,13,2,0,1,0,0,0.02,A1G1F,A2G2F,2 x Core,2 x Core,2 x Core
212-1-0,20888.4350,17.6,0,86.45,3,20888.5775,-0.1425,-7,15,13,2,1,0,0,0,61.89,A2G2F,A2G2F,2 x Core,2 x Core,1 x Core
212-1-1,20888.4350,17.6,1,12.01,3,20888.5775,-0.1425,-7,15,13,2,1,0,0,0,9.41,A3G3F,A2G2F,1 x Core,2 x Core,1 x Core
212-1-2,20888.4350,17.6,2,0.56,3,20888.5775,-0.1425,-7,15,13,2,1,0,0,0,0.34,A3G3F,A2G2F,unmodified,2 x Core,2 x Core
212-1-3,20888.4350,17.6,3,0.54,1,20888.5775,-0.1425,-7,15,13,2,1,0,0,0,0.54,A3G3F+LacN1,A2G2F,1 x Core,1 x Core,1 x Core
212-1-4,20888.4350,17.6,4,0.42,6,20888.5775,-0.1425,-7,15,13,2,1,0,0,0,0.29,A3G3F+LacN1,A2G2F,unmodified,2 x Core,1 x Core
212-1-5,20888.4350,17.6,5,0.02,1,20888.5775,-0.1425,-7,15,13,2,1,0,0,0,0.02,A1G1F,A2G2F,2 x Core,2 x Core,2 x Core
213-0-0,20896.4255,1.4,NA,NA,NA,NA,NA,NA,NA,NA,NA,NA,NA,NA,NA,NA,NA,NA,NA,NA,NA
214-0-0,20899.3958,0.9,NA,NA,NA,NA,NA,NA,NA,NA,NA,NA,NA,NA,NA,NA,NA,NA,NA,NA,NA
215-0-0,20905.4692,5.6,0,86.45,3,20905.5724,-0.1032,-5,15,13,2,2,1,0,0,61.89,A2G2F,A2G2F,2 x Core,2 x Core,1 x Core
215-0-1,20905.4692,5.6,1,12.01,3,20905.5724,-0.1032,-5,15,13,2,2,1,0,0,9.41,A3G3F,A2G2F,1 x Core,2 x Core,1 x Core
215-0-2,20905.4692,5.6,2,0.56,3,20905.5724,-0.1032,-5,15,13,2,2,1,0,0,0.34,A3G3F,A2G2F,unmodified,2 x Core,2 x Core
215-0-3,20905.4692,5.6,3,0.54,1,20905.5724,-0.1032,-5,15,13,2,2,1,0,0,0.54,A3G3F+LacN1,A2G2F,1 x Core,1 x Core,1 x Core
215-0-4,20905.4692,5.6,4,0.42,6,20905.5724,-0.1032,-5,15,13,2,2,1,0,0,0.29,A3G3F+LacN1,A2G2F,unmodified,2 x Core,1 x Core
215-0-5,20905.4692,5.6,5,0.02,1,20905.5724,-0.1032,-5,15,13,2,2,1,0,0,0.02,A1G1F,A2G2F,2 x Core,2 x Core,2 x Core
216-0-0,20907.4750,0.1,NA,NA,NA,NA,NA,NA,NA,NA,NA,NA,NA,NA,NA,NA,NA,NA,NA,NA,NA
217-0-0,20909.4526,1.3,NA,NA,NA,NA,NA,NA,NA,NA,NA,NA,NA,NA,NA,NA,NA,NA,NA,NA,NA
218-0-0,20914.4373,1.4,0,100.00,1,20914.6091,-0.1718,-8,14,14,2,0,1,0,0,100.00,A2G0F,A2G2F,2 x Core,2 x Core,2 x Core
219-0-0,20918.4307,0.7,NA,NA,NA,NA,NA,NA,NA,NA,NA,NA,NA,NA,NA,NA,NA,NA,NA,NA,NA
220-0-0,20922.4618,4.3,NA,NA,NA,NA,NA,NA,NA,NA,NA,NA,NA,NA,NA,NA,NA,NA,NA,NA,NA
221-0-0,20928.4587,0.0,NA,NA,NA,NA,NA,NA,NA,NA,NA,NA,NA,NA,NA,NA,NA,NA,NA,NA,NA
222-1-0,20929.4227,0.5,0,72.44,2,20929.6040,-0.1814,-9,15,14,1,0,0,0,0,72.00,A2G1,A2G2F,2 x Core,2 x Core,2 x Core
222-0-0,20929.4227,0.5,1,27.20,1,20929.6040,-0.1814,-9,14,14,2,1,0,0,0,27.20,A2G0F,A2G2F,2 x Core,2 x Core,2 x Core
222-1-1,20929.4227,0.5,2,0.29,3,20929.6040,-0.1814,-9,15,14,1,0,0,0,0,0.20,A3G3F,A2G1,2 x Core,2 x Core,1 x Core
222-1-2,20929.4227,0.5,3,0.07,3,20929.6040,-0.1814,-9,15,14,1,0,0,0,0,0.06,A3G3F+LacN1,A2G1,1 x Core,2 x Core,1 x Core
222-1-3,20929.4227,0.5,4,0.00,3,20929.6040,-0.1814,-9,15,14,1,0,0,0,0,0.00,A3G3F+LacN1,A2G1,unmodified,2 x Core,2 x Core
223-0-0,20933.9382,3.2,NA,NA,NA,NA,NA,NA,NA,NA,NA,NA,NA,NA,NA,NA,NA,NA,NA,NA,NA
224-0-0,20938.4741,0.2,NA,NA,NA,NA,NA,NA,NA,NA,NA,NA,NA,NA,NA,NA,NA,NA,NA,NA,NA
225-0-0,20941.4714,0.1,NA,NA,NA,NA,NA,NA,NA,NA,NA,NA,NA,NA,NA,NA,NA,NA,NA,NA,NA
226-0-0,20943.4114,0.4,NA,NA,NA,NA,NA,NA,NA,NA,NA,NA,NA,NA,NA,NA,NA,NA,NA,NA,NA
227-0-0,20943.4233,0.4,NA,NA,NA,NA,NA,NA,NA,NA,NA,NA,NA,NA,NA,NA,NA,NA,NA,NA,NA
228-0-0,20949.4856,0.3,NA,NA,NA,NA,NA,NA,NA,NA,NA,NA,NA,NA,NA,NA,NA,NA,NA,NA,NA
229-0-0,20954.4548,3.1,NA,NA,NA,NA,NA,NA,NA,NA,NA,NA,NA,NA,NA,NA,NA,NA,NA,NA,NA
230-0-0,20961.4067,0.5,0,99.50,2,20961.5939,-0.1872,-9,15,14,1,2,0,0,0,98.90,A2G1,A2G2F,2 x Core,2 x Core,2 x Core
230-0-1,20961.4067,0.5,1,0.39,3,20961.5939,-0.1872,-9,15,14,1,2,0,0,0,0.28,A3G3F,A2G1,2 x Core,2 x Core,1 x Core
230-0-2,20961.4067,0.5,2,0.10,3,20961.5939,-0.1872,-9,15,14,1,2,0,0,0,0.08,A3G3F+LacN1,A2G1,1 x Core,2 x Core,1 x Core
230-0-3,20961.4067,0.5,3,0.00,3,20961.5939,-0.1872,-9,15,14,1,2,0,0,0,0.00,A3G3F+LacN1,A2G1,unmodified,2 x Core,2 x Core
231-0-0,20962.4375,0.4,0,99.50,2,20962.5939,-0.1563,-7,15,14,1,2,1,0,0,98.90,A2G1,A2G2F,2 x Core,2 x Core,2 x Core
231-0-1,20962.4375,0.4,1,0.39,3,20962.5939,-0.1563,-7,15,14,1,2,1,0,0,0.28,A3G3F,A2G1,2 x Core,2 x Core,1 x Core
231-0-2,20962.4375,0.4,2,0.10,3,20962.5939,-0.1563,-7,15,14,1,2,1,0,0,0.08,A3G3F+LacN1,A2G1,1 x Core,2 x Core,1 x Core
231-0-3,20962.4375,0.4,3,0.00,3,20962.5939,-0.1563,-7,15,14,1,2,1,0,0,0.00,A3G3F+LacN1,A2G1,unmodified,2 x Core,2 x Core
232-0-0,20965.3689,0.4,NA,NA,NA,NA,NA,NA,NA,NA,NA,NA,NA,NA,NA,NA,NA,NA,NA,NA,NA
233-0-0,20971.4636,2.4,NA,NA,NA,NA,NA,NA,NA,NA,NA,NA,NA,NA,NA,NA,NA,NA,NA,NA,NA
234-0-0,20986.4558,7.4,NA,NA,NA,NA,NA,NA,NA,NA,NA,NA,NA,NA,NA,NA,NA,NA,NA,NA,NA
235-0-0,20991.4556,0.3,NA,NA,NA,NA,NA,NA,NA,NA,NA,NA,NA,NA,NA,NA,NA,NA,NA,NA,NA
236-0-0,20995.4321,0.1,NA,NA,NA,NA,NA,NA,NA,NA,NA,NA,NA,NA,NA,NA,NA,NA,NA,NA,NA
237-0-0,20995.4863,0.3,NA,NA,NA,NA,NA,NA,NA,NA,NA,NA,NA,NA,NA,NA,NA,NA,NA,NA,NA
238-0-0,21003.4692,3.4,NA,NA,NA,NA,NA,NA,NA,NA,NA,NA,NA,NA,NA,NA,NA,NA,NA,NA,NA
239-0-0,21016.4343,1.2,NA,NA,NA,NA,NA,NA,NA,NA,NA,NA,NA,NA,NA,NA,NA,NA,NA,NA,NA
240-0-0,21032.4938,1.9,NA,NA,NA,NA,NA,NA,NA,NA,NA,NA,NA,NA,NA,NA,NA,NA,NA,NA,NA
241-0-0,21034.4731,0.1,NA,NA,NA,NA,NA,NA,NA,NA,NA,NA,NA,NA,NA,NA,NA,NA,NA,NA,NA
242-0-0,21042.4441,0.3,0,100.00,1,21042.5936,-0.1495,-7,18,12,1,2,1,0,0,100.00,M7,A2G2F,2 x Core,2 x Core,2 x Core
243-0-0,21043.5792,1.0,NA,NA,NA,NA,NA,NA,NA,NA,NA,NA,NA,NA,NA,NA,NA,NA,NA,NA,NA
244-0-0,21052.4727,0.9,NA,NA,NA,NA,NA,NA,NA,NA,NA,NA,NA,NA,NA,NA,NA,NA,NA,NA,NA
245-0-0,21054.5411,0.2,NA,NA,NA,NA,NA,NA,NA,NA,NA,NA,NA,NA,NA,NA,NA,NA,NA,NA,NA
246-0-0,21065.4804,0.1,NA,NA,NA,NA,NA,NA,NA,NA,NA,NA,NA,NA,NA,NA,NA,NA,NA,NA,NA
247-1-0,21067.4930,0.3,0,100.00,1,21067.6252,-0.1322,-6,17,13,1,1,1,0,0,100.00,M5-A1G1,A2G2F,2 x Core,2 x Core,2 x Core
248-0-0,21074.4665,0.4,NA,NA,NA,NA,NA,NA,NA,NA,NA,NA,NA,NA,NA,NA,NA,NA,NA,NA,NA
249-0-0,21076.4549,0.4,NA,NA,NA,NA,NA,NA,NA,NA,NA,NA,NA,NA,NA,NA,NA,NA,NA,NA,NA
250-1-0,21082.4495,0.6,0,100.00,1,21082.6201,-0.1706,-8,17,13,1,2,0,0,0,100.00,M5-A1G1,A2G2F,2 x Core,2 x Core,2 x Core
251-1-0,21092.4618,36.5,0,63.16,1,21092.6569,-0.1951,-9,16,14,1,0,1,0,0,63.16,A2G2,A2G2F,2 x Core,2 x Core,2 x Core
251-1-1,21092.4618,36.5,1,35.79,3,21092.6569,-0.1951,-9,16,14,1,0,1,0,0,25.62,A3G3,A2G2F,2 x Core,2 x Core,1 x Core
251-1-2,21092.4618,36.5,2,1.01,3,21092.6569,-0.1951,-9,16,14,1,0,1,0,0,0.79,A3G3+LacN1,A2G2F,1 x Core,2 x Core,1 x Core
251-1-3,21092.4618,36.5,3,0.05,3,21092.6569,-0.1951,-9,16,14,1,0,1,0,0,0.03,A3G3+LacN1,A2G2F,unmodified,2 x Core,2 x Core
252-1-0,21092.7217,0.5,0,63.16,1,21092.6569,0.0648,3,16,14,1,0,1,0,0,63.16,A2G2,A2G2F,2 x Core,2 x Core,2 x Core
252-1-1,21092.7217,0.5,1,35.79,3,21092.6569,0.0648,3,16,14,1,0,1,0,0,25.62,A3G3,A2G2F,2 x Core,2 x Core,1 x Core
252-1-2,21092.7217,0.5,2,1.01,3,21092.6569,0.0648,3,16,14,1,0,1,0,0,0.79,A3G3+LacN1,A2G2F,1 x Core,2 x Core,1 x Core
252-1-3,21092.7217,0.5,3,0.05,3,21092.6569,0.0648,3,16,14,1,0,1,0,0,0.03,A3G3+LacN1,A2G2F,unmodified,2 x Core,2 x Core
253-1-0,21107.5293,0.1,0,63.16,1,21107.6518,-0.1225,-6,16,14,1,1,0,0,0,63.16,A2G2,A2G2F,2 x Core,2 x Core,2 x Core
253-1-1,21107.5293,0.1,1,35.79,3,21107.6518,-0.1225,-6,16,14,1,1,0,0,0,25.62,A3G3,A2G2F,2 x Core,2 x Core,1 x Core
253-1-2,21107.5293,0.1,2,1.01,3,21107.6518,-0.1225,-6,16,14,1,1,0,0,0,0.79,A3G3+LacN1,A2G2F,1 x Core,2 x Core,1 x Core
253-1-3,21107.5293,0.1,3,0.05,3,21107.6518,-0.1225,-6,16,14,1,1,0,0,0,0.03,A3G3+LacN1,A2G2F,unmodified,2 x Core,2 x Core
254-1-0,21108.5147,10.9,0,63.16,1,21108.6518,-0.1371,-6,16,14,1,1,1,0,0,63.16,A2G2,A2G2F,2 x Core,2 x Core,2 x Core
254-1-1,21108.5147,10.9,1,35.79,3,21108.6518,-0.1371,-6,16,14,1,1,1,0,0,25.62,A3G3,A2G2F,2 x Core,2 x Core,1 x Core
254-1-2,21108.5147,10.9,2,1.01,3,21108.6518,-0.1371,-6,16,14,1,1,1,0,0,0.79,A3G3+LacN1,A2G2F,1 x Core,2 x Core,1 x Core
254-1-3,21108.5147,10.9,3,0.05,3,21108.6518,-0.1371,-6,16,14,1,1,1,0,0,0.03,A3G3+LacN1,A2G2F,unmodified,2 x Core,2 x Core
255-0-0,21122.5052,1.9,NA,NA,NA,NA,NA,NA,NA,NA,NA,NA,NA,NA,NA,NA,NA,NA,NA,NA,NA
256-0-0,21123.5022,0.5,0,63.16,1,21123.6467,-0.1445,-7,16,14,1,2,0,0,0,63.16,A2G2,A2G2F,2 x Core,2 x Core,2 x Core
256-0-1,21123.5022,0.5,1,35.79,3,21123.6467,-0.1445,-7,16,14,1,2,0,0,0,25.62,A3G3,A2G2F,2 x Core,2 x Core,1 x Core
256-0-2,21123.5022,0.5,2,1.01,3,21123.6467,-0.1445,-7,16,14,1,2,0,0,0,0.79,A3G3+LacN1,A2G2F,1 x Core,2 x Core,1 x Core
256-0-3,21123.5022,0.5,3,0.05,3,21123.6467,-0.1445,-7,16,14,1,2,0,0,0,0.03,A3G3+LacN1,A2G2F,unmodified,2 x Core,2 x Core
257-0-0,21125.5232,1.6,NA,NA,NA,NA,NA,NA,NA,NA,NA,NA,NA,NA,NA,NA,NA,NA,NA,NA,NA
258-0-0,21135.5422,1.4,NA,NA,NA,NA,NA,NA,NA,NA,NA,NA,NA,NA,NA,NA,NA,NA,NA,NA,NA
259-0-0,21137.5298,2.3,NA,NA,NA,NA,NA,NA,NA,NA,NA,NA,NA,NA,NA,NA,NA,NA,NA,NA,NA
260-2-0,21149.5299,0.3,0,88.43,1,21149.6783,-0.1485,-7,16,15,0,0,1,0,0,88.43,A3G3,A2G1,2 x Core,2 x Core,2 x Core
260-2-1,21149.5299,0.3,1,11.57,3,21149.6783,-0.1485,-7,16,15,0,0,1,0,0,8.28,A3G3+LacN1,A2G1,2 x Core,2 x Core,1 x Core
261-0-0,21154.5153,2.0,NA,NA,NA,NA,NA,NA,NA,NA,NA,NA,NA,NA,NA,NA,NA,NA,NA,NA,NA
262-1-0,21164.5080,0.2,0,88.43,1,21164.6732,-0.1653,-8,16,15,0,1,0,0,0,88.43,A3G3,A2G1,2 x Core,2 x Core,2 x Core
262-1-1,21164.5080,0.2,1,11.57,3,21164.6732,-0.1653,-8,16,15,0,1,0,0,0,8.28,A3G3+LacN1,A2G1,2 x Core,2 x Core,1 x Core
263-1-0,21165.4881,0.2,0,88.43,1,21165.6732,-0.1851,-9,16,15,0,1,1,0,0,88.43,A3G3,A2G1,2 x Core,2 x Core,2 x Core
263-1-1,21165.4881,0.2,1,11.57,3,21165.6732,-0.1851,-9,16,15,0,1,1,0,0,8.28,A3G3+LacN1,A2G1,2 x Core,2 x Core,1 x Core
264-0-0,21175.5258,0.3,NA,NA,NA,NA,NA,NA,NA,NA,NA,NA,NA,NA,NA,NA,NA,NA,NA,NA,NA
265-0-0,21175.5410,0.6,NA,NA,NA,NA,NA,NA,NA,NA,NA,NA,NA,NA,NA,NA,NA,NA,NA,NA,NA
266-0-0,21186.5288,0.1,NA,NA,NA,NA,NA,NA,NA,NA,NA,NA,NA,NA,NA,NA,NA,NA,NA,NA,NA
267-0-0,21187.5363,0.3,NA,NA,NA,NA,NA,NA,NA,NA,NA,NA,NA,NA,NA,NA,NA,NA,NA,NA,NA
268-0-0,21198.5249,0.3,NA,NA,NA,NA,NA,NA,NA,NA,NA,NA,NA,NA,NA,NA,NA,NA,NA,NA,NA
269-0-0,21203.4950,0.5,NA,NA,NA,NA,NA,NA,NA,NA,NA,NA,NA,NA,NA,NA,NA,NA,NA,NA,NA
270-0-0,21206.5115,4.3,NA,NA,NA,NA,NA,NA,NA,NA,NA,NA,NA,NA,NA,NA,NA,NA,NA,NA,NA
271-0-0,21208.4132,0.6,NA,NA,NA,NA,NA,NA,NA,NA,NA,NA,NA,NA,NA,NA,NA,NA,NA,NA,NA
272-0-0,21212.6720,0.3,NA,NA,NA,NA,NA,NA,NA,NA,NA,NA,NA,NA,NA,NA,NA,NA,NA,NA,NA
273-0-0,21223.5272,1.7,NA,NA,NA,NA,NA,NA,NA,NA,NA,NA,NA,NA,NA,NA,NA,NA,NA,NA,NA
274-0-0,21237.5110,7.6,0,55.05,1,21237.7148,-0.2038,-10,16,14,2,0,0,0,0,55.05,A2G2F,A2G2F,2 x Core,2 x Core,2 x Core
274-0-1,21237.5110,7.6,1,35.60,3,21237.7148,-0.2038,-10,16,14,2,0,0,0,0,25.49,A3G3F,A2G2F,2 x Core,2 x Core,1 x Core
274-0-2,21237.5110,7.6,2,8.94,3,21237.7148,-0.2038,-10,16,14,2,0,0,0,0,7.00,A3G3F+LacN1,A2G2F,1 x Core,2 x Core,1 x Core
274-0-3,21237.5110,7.6,3,0.42,3,21237.7148,-0.2038,-10,16,14,2,0,0,0,0,0.26,A3G3F+LacN1,A2G2F,unmodified,2 x Core,2 x Core
275-0-0,21238.5566,8.7,0,55.05,1,21238.7148,-0.1581,-7,16,14,2,0,1,0,0,55.05,A2G2F,A2G2F,2 x Core,2 x Core,2 x Core
275-0-1,21238.5566,8.7,1,35.60,3,21238.7148,-0.1581,-7,16,14,2,0,1,0,0,25.49,A3G3F,A2G2F,2 x Core,2 x Core,1 x Core
275-0-2,21238.5566,8.7,2,8.94,3,21238.7148,-0.1581,-7,16,14,2,0,1,0,0,7.00,A3G3F+LacN1,A2G2F,1 x Core,2 x Core,1 x Core
275-0-3,21238.5566,8.7,3,0.42,3,21238.7148,-0.1581,-7,16,14,2,0,1,0,0,0.26,A3G3F+LacN1,A2G2F,unmodified,2 x Core,2 x Core
276-0-0,21252.5681,2.0,NA,NA,NA,NA,NA,NA,NA,NA,NA,NA,NA,NA,NA,NA,NA,NA,NA,NA,NA
277-1-0,21254.5583,3.2,0,55.05,1,21254.7097,-0.1514,-7,16,14,2,1,1,0,0,55.05,A2G2F,A2G2F,2 x Core,2 x Core,2 x Core
277-1-1,21254.5583,3.2,1,35.60,3,21254.7097,-0.1514,-7,16,14,2,1,1,0,0,25.49,A3G3F,A2G2F,2 x Core,2 x Core,1 x Core
277-1-2,21254.5583,3.2,2,8.94,3,21254.7097,-0.1514,-7,16,14,2,1,1,0,0,7.00,A3G3F+LacN1,A2G2F,1 x Core,2 x Core,1 x Core
277-1-3,21254.5583,3.2,3,0.42,3,21254.7097,-0.1514,-7,16,14,2,1,1,0,0,0.26,A3G3F+LacN1,A2G2F,unmodified,2 x Core,2 x Core
278-0-0,21263.6584,0.2,NA,NA,NA,NA,NA,NA,NA,NA,NA,NA,NA,NA,NA,NA,NA,NA,NA,NA,NA
279-0-0,21269.5456,1.5,0,55.05,1,21269.7046,-0.1590,-7,16,14,2,2,0,0,0,55.05,A2G2F,A2G2F,2 x Core,2 x Core,2 x Core
279-0-1,21269.5456,1.5,1,35.60,3,21269.7046,-0.1590,-7,16,14,2,2,0,0,0,25.49,A3G3F,A2G2F,2 x Core,2 x Core,1 x Core
279-0-2,21269.5456,1.5,2,8.94,3,21269.7046,-0.1590,-7,16,14,2,2,0,0,0,7.00,A3G3F+LacN1,A2G2F,1 x Core,2 x Core,1 x Core
279-0-3,21269.5456,1.5,3,0.42,3,21269.7046,-0.1590,-7,16,14,2,2,0,0,0,0.26,A3G3F+LacN1,A2G2F,unmodified,2 x Core,2 x Core
280-0-0,21275.5938,0.1,NA,NA,NA,NA,NA,NA,NA,NA,NA,NA,NA,NA,NA,NA,NA,NA,NA,NA,NA
281-0-0,21278.2203,0.4,NA,NA,NA,NA,NA,NA,NA,NA,NA,NA,NA,NA,NA,NA,NA,NA,NA,NA,NA
282-0-0,21285.5515,1.3,NA,NA,NA,NA,NA,NA,NA,NA,NA,NA,NA,NA,NA,NA,NA,NA,NA,NA,NA
283-0-0,21289.3757,0.3,NA,NA,NA,NA,NA,NA,NA,NA,NA,NA,NA,NA,NA,NA,NA,NA,NA,NA,NA
284-0-0,21290.5306,0.1,NA,NA,NA,NA,NA,NA,NA,NA,NA,NA,NA,NA,NA,NA,NA,NA,NA,NA,NA
285-0-0,21299.5487,0.9,NA,NA,NA,NA,NA,NA,NA,NA,NA,NA,NA,NA,NA,NA,NA,NA,NA,NA,NA
286-0-0,21320.5832,0.9,NA,NA,NA,NA,NA,NA,NA,NA,NA,NA,NA,NA,NA,NA,NA,NA,NA,NA,NA
287-0-0,21336.5266,0.3,NA,NA,NA,NA,NA,NA,NA,NA,NA,NA,NA,NA,NA,NA,NA,NA,NA,NA,NA
288-0-0,21342.5748,0.1,NA,NA,NA,NA,NA,NA,NA,NA,NA,NA,NA,NA,NA,NA,NA,NA,NA,NA,NA
289-0-0,21351.5781,3.3,NA,NA,NA,NA,NA,NA,NA,NA,NA,NA,NA,NA,NA,NA,NA,NA,NA,NA,NA
290-0-0,21368.5958,0.5,NA,NA,NA,NA,NA,NA,NA,NA,NA,NA,NA,NA,NA,NA,NA,NA,NA,NA,NA
291-0-0,21368.6749,0.1,NA,NA,NA,NA,NA,NA,NA,NA,NA,NA,NA,NA,NA,NA,NA,NA,NA,NA,NA
292-0-0,21372.5855,0.2,NA,NA,NA,NA,NA,NA,NA,NA,NA,NA,NA,NA,NA,NA,NA,NA,NA,NA,NA
293-0-0,21385.5900,0.2,NA,NA,NA,NA,NA,NA,NA,NA,NA,NA,NA,NA,NA,NA,NA,NA,NA,NA,NA
294-0-0,21394.5830,0.2,NA,NA,NA,NA,NA,NA,NA,NA,NA,NA,NA,NA,NA,NA,NA,NA,NA,NA,NA
295-0-0,21402.5690,0.1,NA,NA,NA,NA,NA,NA,NA,NA,NA,NA,NA,NA,NA,NA,NA,NA,NA,NA,NA
296-0-0,21439.6458,0.2,NA,NA,NA,NA,NA,NA,NA,NA,NA,NA,NA,NA,NA,NA,NA,NA,NA,NA,NA
297-0-0,21441.3841,0.1,NA,NA,NA,NA,NA,NA,NA,NA,NA,NA,NA,NA,NA,NA,NA,NA,NA,NA,NA
298-1-0,21457.6336,7.5,0,88.43,1,21457.7891,-0.1554,-7,17,15,1,0,1,0,0,88.43,A3G3,A2G2F,2 x Core,2 x Core,2 x Core
298-1-1,21457.6336,7.5,1,11.57,3,21457.7891,-0.1554,-7,17,15,1,0,1,0,0,8.28,A3G3+LacN1,A2G2F,2 x Core,2 x Core,1 x Core
299-0-0,21469.6011,0.3,NA,NA,NA,NA,NA,NA,NA,NA,NA,NA,NA,NA,NA,NA,NA,NA,NA,NA,NA
300-1-0,21472.6399,1.1,0,88.43,1,21472.7840,-0.1441,-7,17,15,1,1,0,0,0,88.43,A3G3,A2G2F,2 x Core,2 x Core,2 x Core
300-1-1,21472.6399,1.1,1,11.57,3,21472.7840,-0.1441,-7,17,15,1,1,0,0,0,8.28,A3G3+LacN1,A2G2F,2 x Core,2 x Core,1 x Core
301-0-0,21475.7413,0.3,NA,NA,NA,NA,NA,NA,NA,NA,NA,NA,NA,NA,NA,NA,NA,NA,NA,NA,NA
302-0-0,21477.6233,0.3,NA,NA,NA,NA,NA,NA,NA,NA,NA,NA,NA,NA,NA,NA,NA,NA,NA,NA,NA
303-0-0,21487.6352,0.2,NA,NA,NA,NA,NA,NA,NA,NA,NA,NA,NA,NA,NA,NA,NA,NA,NA,NA,NA
304-0-0,21498.6780,0.2,NA,NA,NA,NA,NA,NA,NA,NA,NA,NA,NA,NA,NA,NA,NA,NA,NA,NA,NA
305-0-0,21571.6276,0.2,NA,NA,NA,NA,NA,NA,NA,NA,NA,NA,NA,NA,NA,NA,NA,NA,NA,NA,NA
306-0-0,21571.6649,0.1,NA,NA,NA,NA,NA,NA,NA,NA,NA,NA,NA,NA,NA,NA,NA,NA,NA,NA,NA
307-0-0,21595.6392,0.1,NA,NA,NA,NA,NA,NA,NA,NA,NA,NA,NA,NA,NA,NA,NA,NA,NA,NA,NA
308-0-0,21600.6917,0.1,NA,NA,NA,NA,NA,NA,NA,NA,NA,NA,NA,NA,NA,NA,NA,NA,NA,NA,NA
309-0-0,21600.9100,0.9,NA,NA,NA,NA,NA,NA,NA,NA,NA,NA,NA,NA,NA,NA,NA,NA,NA,NA,NA
310-0-0,21603.5101,3.8,0,53.88,3,21603.8470,-0.3369,-16,17,15,2,0,1,0,0,38.57,A3G3F+LacN1,A2G2F,2 x Core,2 x Core,1 x Core
310-0-1,21603.5101,3.8,1,46.12,1,21603.8470,-0.3369,-16,17,15,2,0,1,0,0,46.12,A3G3F,A2G2F,2 x Core,2 x Core,2 x Core
311-0-0,21609.6581,0.1,NA,NA,NA,NA,NA,NA,NA,NA,NA,NA,NA,NA,NA,NA,NA,NA,NA,NA,NA
312-0-0,21615.7018,0.3,NA,NA,NA,NA,NA,NA,NA,NA,NA,NA,NA,NA,NA,NA,NA,NA,NA,NA,NA
313-0-0,21619.7200,0.4,0,53.88,3,21619.8419,-0.1219,-6,17,15,2,1,1,0,0,38.57,A3G3F+LacN1,A2G2F,2 x Core,2 x Core,1 x Core
313-0-1,21619.7200,0.4,1,46.12,1,21619.8419,-0.1219,-6,17,15,2,1,1,0,0,46.12,A3G3F,A2G2F,2 x Core,2 x Core,2 x Core
314-0-0,21623.6953,0.0,NA,NA,NA,NA,NA,NA,NA,NA,NA,NA,NA,NA,NA,NA,NA,NA,NA,NA,NA
315-0-0,21823.7290,0.1,NA,NA,NA,NA,NA,NA,NA,NA,NA,NA,NA,NA,NA,NA,NA,NA,NA,NA,NA
316-0-0,21967.8164,0.2,0,100.00,1,21967.9792,-0.1628,-7,18,16,2,0,0,0,0,100.00,A3G3F+LacN1,A2G2F,2 x Core,2 x Core,2 x Core
317-0-0,21990.8106,0.1,NA,NA,NA,NA,NA,NA,NA,NA,NA,NA,NA,NA,NA,NA,NA,NA,NA,NA,NA
318-0-0,22001.8151,0.1,NA,NA,NA,NA,NA,NA,NA,NA,NA,NA,NA,NA,NA,NA,NA,NA,NA,NA,NA
319-0-0,22013.7135,0.0,NA,NA,NA,NA,NA,NA,NA,NA,NA,NA,NA,NA,NA,NA,NA,NA,NA,NA,NA
320-0-0,22243.4303,0.1,NA,NA,NA,NA,NA,NA,NA,NA,NA,NA,NA,NA,NA,NA,NA,NA,NA,NA,NA
321-0-0,23306.3388,0.1,NA,NA,NA,NA,NA,NA,NA,NA,NA,NA,NA,NA,NA,NA,NA,NA,NA,NA,NA
322-0-0,23664.6878,0.1,NA,NA,NA,NA,NA,NA,NA,NA,NA,NA,NA,NA,NA,NA,NA,NA,NA,NA,NA
323-0-0,23679.2356,0.0,NA,NA,NA,NA,NA,NA,NA,NA,NA,NA,NA,NA,NA,NA,NA,NA,NA,NA,NA
324-0-0,25087.6843,0.1,NA,NA,NA,NA,NA,NA,NA,NA,NA,NA,NA,NA,NA,NA,NA,NA,NA,NA,NA
325-0-0,25191.5682,0.1,NA,NA,NA,NA,NA,NA,NA,NA,NA,NA,NA,NA,NA,NA,NA,NA,NA,NA,NA
